Category,Cooking Method,Protein (g),Total fat (g),Monounsaturated Fat (g),Polyunsaturated Fat (g),Trans Fat (g),Saturated Fat (g),Carbohydrate (g),Total Sugars (g),Fiber (g),Sodium (mg),Potassium (mg),Calcium (mg),Magnesium (mg),Phosphorus (mg),Iron (mg),Copper (μg),Zinc (mg),Selenium (mg),Vitamin A (RAE),Thiamin (mg),Riboflavin (mg),Vitamin B6 (mg),Vitamin B12 (μg),Vitamin C (mg),"Vitamin D (D2 + D3), IU",Vitamin E (mg),Vitamin K (μg),Niacin (mg),Folate (μg),Choline (mg),Pantothenic acid (mg),Biotin (μg),Lysine (mg),Methionine (mg),Histidine (mg),Isoleucine (mg),Leucine (mg),Phenylalanine (mg),Threonine (mg),Tryptophan (mg),Valine (mg),Cystine (mg)
Cheese,Baked,"0,95",1,1,1,1,1,1,1,1,1,1,1,1,1,1,1,1,1,1,"0,75",1,"0,75","0,55","0,65",1,1,1,1,"0,8","0,75","0,75","0,9","0,95","0,95","0,95","0,95","0,95","0,95","0,95","0,95","0,95","0,95"
Cheese,Fry in Oven,"0,95",1,1,1,1,1,1,1,1,1,1,1,1,1,1,1,1,1,1,"0,75","0,95","0,75","0,9","0,7",1,1,1,"0,95","0,5","0,75","0,75","0,9","0,95","0,95","0,95","0,95","0,95","0,95","0,95","0,95","0,95","0,95"
Cheese,Stewed,1,1,1,1,1,1,1,1,1,1,1,1,1,1,1,1,1,1,1,"0,8","0,95","0,8","0,9","0,7",1,1,1,"0,95","0,5","0,75","0,8","0,9","0,95","0,95",1,1,1,1,1,1,1,"0,95"
Cheese,Boiled,1,1,1,1,1,1,1,1,1,1,1,1,1,1,1,1,1,1,1,"0,9","0,95","0,9","0,95","0,7",1,1,1,"0,95","0,8","0,75","0,9","0,95",1,1,1,1,1,1,1,1,1,1
Cheese,Reheated,1,1,1,1,1,1,1,1,1,1,1,1,1,1,1,1,1,1,1,"0,95",1,"0,95","0,95","0,95",1,1,1,1,"0,95","0,95","0,75","0,9","0,95","0,95",1,1,1,1,1,1,1,"0,95"
Cheese,Broiled,"0,95",1,1,1,1,1,1,1,1,1,1,1,1,1,1,1,1,1,1,"0,75",1,"0,75","0,55","0,65",1,1,1,1,"0,8","0,75","0,75","0,9","0,95","0,95",1,1,1,1,1,1,1,"0,95"
Eggs,Baked,1,1,1,1,1,1,1,1,1,1,1,1,1,1,1,1,1,1,1,"0,85","0,95","0,95","0,85","0,8","0,9","0,9",1,"0,9","0,75","0,8","0,8","0,9",1,1,1,1,1,1,1,1,1,1
Eggs,Fried,1,1,1,1,1,1,1,1,1,1,1,1,1,1,1,1,1,1,1,"0,85","0,95","0,95","0,85","0,8","0,9","0,9",1,"0,95","0,75","0,85","0,8","0,9",1,1,1,1,1,1,1,1,1,1
Eggs,Hard cooked (boiled),1,1,1,1,1,1,1,1,0,1,1,1,1,1,1,1,1,1,1,"0,85","0,95","0,95","0,85","0,8","0,95",1,1,"0,95","0,75","0,8","0,8","0,8",1,1,1,1,1,1,1,1,1,1
Eggs,Poached,1,1,1,1,1,1,1,1,0,1,1,1,1,1,1,1,1,1,1,"0,8","0,85","0,85","0,8","0,8","0,95",1,1,"0,85","0,75","0,8","0,8","0,8",1,1,1,1,1,1,1,1,1,1
Eggs,Reheated,1,1,1,1,1,1,1,1,1,1,1,1,1,1,1,1,1,1,1,"0,95",1,"0,95","0,95","0,95","0,9","0,9",1,1,"0,95","0,85","0,8","0,9",1,1,1,1,1,1,1,1,1,1
Milk,"Heated, 10min",1,1,1,1,1,1,1,1,1,1,1,1,1,1,1,1,1,1,1,"0,9",1,"0,9","0,8","0,85",1,1,1,1,"0,85","0,9","0,9","0,95",1,1,1,1,1,1,1,1,1,1
Milk,"Heated, 30min",1,1,1,1,1,1,1,1,1,1,1,1,1,1,1,1,1,1,1,"0,75",1,"0,75","0,55","0,65",1,1,1,1,"0,8","0,75","0,9","0,95",1,1,1,1,1,1,1,1,1,1
Milk,"Heated, 1 hour",1,1,1,1,1,1,1,1,1,1,1,1,1,1,1,1,1,1,1,"0,6",1,"0,55","0,3","0,45",1,1,1,1,"0,7","0,6","0,9","0,95",1,1,1,1,1,1,1,1,1,1
Milk,Reheated,1,1,1,1,1,1,1,1,1,1,1,1,1,1,1,1,1,1,1,"0,95",1,"0,95","0,95","0,95",1,1,1,1,"0,95","0,95","0,9","0,95",1,1,1,1,1,1,1,1,1,1
Milk,Stewed,1,1,1,1,1,1,1,1,1,1,1,1,1,1,1,1,1,1,1,"0,8","0,95","0,8","0,9","0,7",1,1,1,"0,95","0,5","0,75","0,8","0,9","0,95","0,95",1,1,1,1,1,1,1,"0,95"
Milk,Fry in Oven,"0,95",1,1,1,1,1,1,1,1,1,1,1,1,1,1,1,1,1,1,"0,75","0,95","0,75","0,9","0,7",1,1,1,"0,95","0,5","0,75","0,75","0,9","0,95","0,95","0,95","0,95","0,95","0,95","0,95","0,95","0,95","0,95"
Milk Product,Boiled,1,1,1,1,1,1,1,1,1,1,1,1,1,1,1,1,1,1,1,"0,9","0,95","0,9","0,95","0,7",1,1,1,"0,95","0,8","0,75","0,9","0,95",1,1,1,1,1,1,1,1,1,1
Milk Product,Stewed,1,1,1,1,1,1,1,1,1,1,1,1,1,1,1,1,1,1,1,"0,8","0,95","0,8","0,9","0,7",1,1,1,"0,95","0,5","0,75","0,8","0,9","0,95","0,95",1,1,1,1,1,1,1,"0,95"
Milk Product,Fry in Oven,"0,95",1,1,1,1,1,1,1,1,1,1,1,1,1,1,1,1,1,1,"0,75","0,95","0,75","0,9","0,7",1,1,1,"0,95","0,5","0,75","0,75","0,9","0,95","0,95","0,95","0,95","0,95","0,95","0,95","0,95","0,95","0,95"
Beef ,"Stew, braise, medium, - Cooking liquid","0,95","0,85","0,85","0,85","0,85","0,85","0,95","0,95",1,"0,75","0,75",1,"0,95","0,9",1,1,1,1,"0,75","0,65","0,85","0,65","0,6","0,8","0,85","0,85","0,85","0,85","0,65","0,9","0,85","0,85","0,95","0,9","0,95","0,95","0,95","0,95","0,95","0,95","0,95","0,95"
Beef ,"Stew, braise, medium, + Cooking liquid","0,98","0,98","0,98","0,98","0,98","0,98",1,1,1,1,1,1,1,1,1,1,1,1,"0,8","0,7",1,"0,7","0,75","0,85","0,9",1,1,"0,9","0,7","0,9","0,9","0,9",1,1,1,1,1,1,1,1,1,1
Beef ,"Fry in pan, medium - Cooking liquid","0,96","0,85","0,85","0,85","0,85","0,85","0,95","0,95",1,"0,85","0,85",1,"0,95","0,9",1,1,1,1,"0,75","0,7","0,9","0,7","0,8","0,8","0,85","0,9","0,9","0,9","0,85","0,9","0,9","0,95","0,95","0,9","0,95","0,95","0,95","0,95","0,95","0,95","0,95","0,95"
Beef ,"Fry in pan, medium + Cooking liquid","0,98","0,98","0,98","0,98","0,98","0,98",1,1,1,1,1,1,1,1,1,1,1,1,"0,8","0,7",1,"0,7","0,75","0,85","0,9",1,1,"0,9","0,7","0,9","0,9","0,9",1,1,1,1,1,1,1,1,1,1
Beef ,"Fry in oven, medium - Cooking liquid","0,96","0,85","0,85","0,85","0,85","0,85","0,95","0,95",1,"0,85","0,85",1,"0,95","0,9",1,1,1,1,"0,75","0,7","0,9","0,7","0,8","0,8","0,85","0,9","0,9","0,9","0,85","0,9","0,9","0,95","0,95","0,9","0,95","0,95","0,95","0,95","0,95","0,95","0,95","0,95"
Beef ,"Fry in oven, medium + Cooking liquid","0,98","0,98","0,98","0,98","0,98","0,98",1,1,1,1,1,1,1,1,1,1,1,1,"0,8","0,7",1,"0,7","0,75","0,85","0,9",1,1,"0,9","0,7","0,9","0,9","0,9",1,1,1,1,1,1,1,1,1,1
Beef ,"Deep fry, medium ","0,95",1,1,1,1,1,"0,95","0,95",1,"0,85","0,6","0,9","0,85","0,85","0,96",1,1,1,"0,75","0,7","0,9","0,7","0,8","0,8","0,9","0,9","0,9","0,9","0,85","0,9","0,9","0,95","0,95","0,9","0,95","0,95","0,95","0,95","0,95","0,95","0,95","0,95"
Beef ,"Boiled, well done - Cooking liquid","0,9","0,75","0,75","0,75","0,75","0,75","0,9","0,9",1,"0,45","0,5","0,8","0,6","0,65",1,"0,95",1,1,"0,75","0,4","0,8","0,4","0,6","0,75","0,75","0,75","0,75","0,5","0,65","0,9","0,6","0,7","0,85","0,75","0,9","0,9","0,9","0,9","0,9","0,9","0,9","0,85"
Beef ,"Boiled, well done + Cooking liquid","0,98","0,98","0,98","0,98","0,98","0,98",1,1,1,1,1,1,1,1,1,1,1,1,"0,8","0,6",1,"0,6","0,7","0,75","0,8",1,1,"0,8","0,8","0,9","0,8","0,9","0,93","0,8",1,1,1,1,1,1,1,"0,9"
Beef ,"Steamed, well done - Cooking liquid","0,9","0,75","0,75","0,75","0,75","0,75","0,9","0,9",1,"0,45","0,5","0,8","0,6","0,65",1,"0,95",1,1,"0,75","0,4","0,8","0,4","0,6","0,75","0,75","0,75","0,75","0,5","0,65","0,9","0,6","0,7","0,85","0,75","0,9","0,9","0,9","0,9","0,9","0,9","0,9","0,85"
Beef ,"Steamed, well done + Cooking liquid","0,98","0,98","0,98","0,98","0,98","0,98",1,1,1,1,1,1,1,1,1,1,1,1,"0,8","0,6",1,"0,6","0,7","0,75","0,8",1,1,"0,8","0,8","0,9","0,8","0,9","0,93","0,8",1,1,1,1,1,1,1,"0,9"
Beef ,"Stew, braise, well done - Cooking liquid","0,92","0,75","0,75","0,75","0,75","0,75","0,95","0,95",1,"0,45","0,5","0,85","0,65","0,8",1,1,1,1,"0,75","0,45","0,85","0,45","0,6","0,8","0,75","0,75","0,75","0,6","0,65","0,9","0,7","0,7","0,85","0,75","0,9","0,9","0,9","0,9","0,9","0,9","0,9","0,85"
Beef ,"Stew, braise, well done + Cooking liquid","0,98","0,98","0,98","0,98","0,98","0,98",1,1,1,1,1,1,1,1,1,1,1,1,"0,8","0,6",1,"0,6","0,75","0,85","0,8",1,1,"0,8","0,7","0,9","0,8","0,9","0,93","0,85",1,1,1,1,1,1,1,"0,85"
Beef ,"Fry in pan, well done - Cooking liquid","0,95","0,75","0,75","0,75","0,75","0,75",1,1,1,"0,85","0,6","0,9","0,85","0,85","0,96",1,1,1,"0,55","0,45","0,85","0,45","0,7","0,75","0,55","0,55","0,55","0,8","0,85","0,9","0,8","0,9","0,9","0,85","0,9","0,9","0,9","0,9","0,9","0,9","0,9","0,85"
Beef ,"Fry in pan, well done + Cooking liquid","0,98","0,98","0,98","0,98","0,98","0,98",1,1,1,1,1,1,1,1,1,1,1,1,"0,8","0,6",1,"0,6","0,75","0,85","0,8",1,1,"0,8","0,7","0,9","0,8","0,9","0,93","0,85",1,1,1,1,1,1,1,"0,85"
Beef ,"Fry in oven, well done - Cooking liquid","0,95","0,75","0,75","0,75","0,75","0,75",1,1,1,"0,85","0,6","0,9","0,85","0,85","0,96",1,1,1,"0,55","0,45","0,85","0,45","0,7","0,75","0,55","0,55","0,55","0,8","0,85","0,9","0,8","0,9","0,9","0,85","0,9","0,9","0,9","0,9","0,9","0,9","0,9","0,85"
Beef ,"Fry in oven, well done + Cooking liquid","0,98","0,98","0,98","0,98","0,98","0,98",1,1,1,1,1,1,1,1,1,1,1,1,"0,8","0,6",1,"0,6","0,75","0,85","0,8",1,1,"0,8","0,7","0,9","0,8","0,9","0,93","0,85",1,1,1,1,1,1,1,"0,85"
Beef ,"Deep fry, well done","0,95",1,1,1,1,1,1,1,1,"0,85","0,6","0,9","0,85","0,85","0,96",1,1,1,"0,85","0,45","0,85","0,45","0,7","0,75","0,85","0,85","0,85","0,8","0,85","0,9","0,8","0,9","0,9","0,85","0,9","0,9","0,9","0,9","0,9","0,9","0,9","0,85"
Beef ,"Fry in pan, breaded","0,98",1,1,1,1,1,"0,95","0,95",1,1,"0,9",1,1,"0,95",1,1,1,1,"0,75","0,85",1,"0,8","0,8","0,8","0,8",1,1,"0,9","0,85","0,9","0,9","0,95","0,9","0,9",1,1,1,1,1,1,1,"0,9"
Beef ,"Fry in oven, breaded","0,98",1,1,1,1,1,"0,95","0,95",1,1,"0,9",1,1,"0,95",1,1,1,1,"0,75","0,85",1,"0,8","0,8","0,8","0,8",1,1,"0,9","0,85","0,9","0,9","0,95","0,9","0,9",1,1,1,1,1,1,1,"0,9"
Beef ,"Deep fry, breaded","0,98",1,1,1,1,1,"0,95","0,95",1,1,"0,9",1,1,"0,95",1,1,1,1,"0,75","0,85",1,"0,8","0,8","0,8","0,8",1,1,"0,9","0,85","0,9","0,9","0,95","0,9","0,9",1,1,1,1,1,1,1,"0,9"
Ground beef,Broiled,"0,98","0,98","0,98","0,98","0,98","0,98",1,1,1,"0,85","0,85",1,"0,85","0,9","0,95",1,1,1,"0,75","0,8","0,95","0,6","0,8","0,8","0,8",1,1,"0,8","0,85","0,9","0,8","0,9","0,93","0,85",1,1,1,1,1,1,1,"0,9"
Ground beef,"Baked, - Cooking liquid","0,95","0,75","0,75","0,75","0,75","0,75",1,1,1,"0,55","0,55","0,8","0,65","0,65",1,"0,95",1,1,"0,75","0,45","0,85","0,35","0,6","0,8","0,55","0,55","0,55","0,55","0,65","0,9","0,8","0,9","0,9","0,85","0,9","0,9","0,9","0,9","0,9","0,9","0,9","0,85"
Ground beef,"Baked, + Cooking liquid","0,98","0,98","0,98","0,98","0,98","0,98",1,1,1,1,1,1,1,1,1,1,1,1,"0,8","0,6",1,"0,5","0,75","0,85","0,8",1,1,"0,9","0,7","0,9","0,8","0,9","0,93","0,85",1,1,1,1,1,1,1,"0,85"
Ground beef,"Simmer, - Cooking liquid","0,92","0,75","0,75","0,75","0,75","0,75","0,95","0,95",1,"0,55","0,55","0,8","0,65","0,65",1,"0,95",1,1,"0,75","0,45","0,85","0,35","0,6","0,8","0,75","0,75","0,75","0,55","0,65","0,9","0,7","0,7","0,85","0,75","0,9","0,9","0,9","0,9","0,9","0,9","0,9","0,85"
Ground beef,"Simmer, + Cooking liquid","0,98","0,98","0,98","0,98","0,98","0,98",1,1,1,1,1,1,1,1,1,1,1,1,"0,8","0,6",1,"0,5","0,75","0,85","0,8",1,1,"0,9","0,7","0,9","0,8","0,9","0,93","0,85",1,1,1,1,1,1,1,"0,85"
Ground beef,"Browned, simmer, - Cooking liquid","0,92","0,75","0,75","0,75","0,75","0,75","0,95","0,95",1,"0,55","0,55","0,8","0,65","0,65",1,"0,95",1,1,"0,75","0,45","0,85","0,35","0,6","0,8","0,75","0,75","0,75","0,55","0,65","0,9","0,7","0,7","0,85","0,75","0,9","0,9","0,9","0,9","0,9","0,9","0,9","0,85"
Ground beef,"Browned, simmer, + Cooking liquid","0,98","0,98","0,98","0,98","0,98","0,98",1,1,1,1,1,1,1,1,1,1,1,1,"0,8","0,6",1,"0,5","0,75","0,85","0,8",1,1,"0,9","0,7","0,9","0,8","0,9","0,93","0,85",1,1,1,1,1,1,1,"0,85"
Veal,"Stew, braise, medium, - Cooking liquid","0,95","0,85","0,85","0,85","0,85","0,85","0,95","0,95",1,"0,75","0,75",1,"0,95","0,9",1,1,1,1,"0,75","0,65","0,85","0,65","0,6","0,8","0,85","0,85","0,85","0,85","0,65","0,9","0,85","0,85","0,95","0,9","0,95","0,95","0,95","0,95","0,95","0,95","0,95","0,95"
Veal,"Stew, braise, medium, + Cooking liquid","0,98","0,98","0,98","0,98","0,98","0,98",1,1,1,1,1,1,1,1,1,1,1,1,"0,8","0,7",1,"0,7","0,75","0,85","0,9",1,1,"0,9","0,7","0,9","0,9","0,9",1,1,1,1,1,1,1,1,1,1
Veal,"Fry in pan, medium - Cooking liquid","0,96","0,85","0,85","0,85","0,85","0,85","0,95","0,95",1,"0,85","0,85",1,"0,95","0,9",1,1,1,1,"0,75","0,7","0,9","0,7","0,8","0,8","0,85","0,9","0,9","0,9","0,85","0,9","0,9","0,95","0,95","0,9","0,95","0,95","0,95","0,95","0,95","0,95","0,95","0,95"
Veal,"Fry in pan, medium + Cooking liquid","0,98","0,98","0,98","0,98","0,98","0,98",1,1,1,1,1,1,1,1,1,1,1,1,"0,8","0,7",1,"0,7","0,75","0,85","0,9",1,1,"0,9","0,7","0,9","0,9","0,9",1,1,1,1,1,1,1,1,1,1
Veal,"Fry in oven, medium - Cooking liquid","0,96","0,85","0,85","0,85","0,85","0,85","0,95","0,95",1,"0,85","0,85",1,"0,95","0,9",1,1,1,1,"0,75","0,7","0,9","0,7","0,8","0,8","0,85","0,9","0,9","0,9","0,85","0,9","0,9","0,95","0,95","0,9","0,95","0,95","0,95","0,95","0,95","0,95","0,95","0,95"
Veal,"Fry in oven, medium + Cooking liquid","0,98","0,98","0,98","0,98","0,98","0,98",1,1,1,1,1,1,1,1,1,1,1,1,"0,8","0,7",1,"0,7","0,75","0,85","0,9",1,1,"0,9","0,7","0,9","0,9","0,9",1,1,1,1,1,1,1,1,1,1
Veal,"Deep fry, medium ","0,95",1,1,1,1,1,"0,95","0,95",1,"0,85","0,6","0,9","0,85","0,85","0,96",1,1,1,"0,75","0,7","0,9","0,7","0,8","0,8","0,9","0,9","0,9","0,9","0,85","0,9","0,9","0,95","0,95","0,9","0,95","0,95","0,95","0,95","0,95","0,95","0,95","0,95"
Veal,"Boiled, well done - Cooking liquid","0,9","0,75","0,75","0,75","0,75","0,75","0,9","0,9",1,"0,45","0,5","0,8","0,6","0,65",1,"0,95",1,1,"0,75","0,4","0,8","0,4","0,6","0,75","0,75","0,75","0,75","0,5","0,65","0,9","0,6","0,7","0,85","0,75","0,9","0,9","0,9","0,9","0,9","0,9","0,9","0,85"
Veal,"Boiled, well done + Cooking liquid","0,98","0,98","0,98","0,98","0,98","0,98",1,1,1,1,1,1,1,1,1,1,1,1,"0,8","0,6",1,"0,6","0,7","0,75","0,8",1,1,"0,8","0,8","0,9","0,8","0,9","0,93","0,8",1,1,1,1,1,1,1,"0,9"
Veal,"Steamed, well done - Cooking liquid","0,9","0,75","0,75","0,75","0,75","0,75","0,9","0,9",1,"0,45","0,5","0,8","0,6","0,65",1,"0,95",1,1,"0,75","0,4","0,8","0,4","0,6","0,75","0,75","0,75","0,75","0,5","0,65","0,9","0,6","0,7","0,85","0,75","0,9","0,9","0,9","0,9","0,9","0,9","0,9","0,85"
Veal,"Steamed, well done + Cooking liquid","0,98","0,98","0,98","0,98","0,98","0,98",1,1,1,1,1,1,1,1,1,1,1,1,"0,8","0,6",1,"0,6","0,7","0,75","0,8",1,1,"0,8","0,8","0,9","0,8","0,9","0,93","0,8",1,1,1,1,1,1,1,"0,9"
Veal,"Stew, braise, well done - Cooking liquid","0,92","0,75","0,75","0,75","0,75","0,75","0,95","0,95",1,"0,45","0,5","0,85","0,65","0,8",1,1,1,1,"0,75","0,45","0,85","0,45","0,6","0,8","0,75","0,75","0,75","0,6","0,65","0,9","0,7","0,7","0,85","0,75","0,9","0,9","0,9","0,9","0,9","0,9","0,9","0,85"
Veal,"Stew, braise, well done + Cooking liquid","0,98","0,98","0,98","0,98","0,98","0,98",1,1,1,1,1,1,1,1,1,1,1,1,"0,8","0,6",1,"0,6","0,75","0,85","0,8",1,1,"0,8","0,7","0,9","0,8","0,9","0,93","0,85",1,1,1,1,1,1,1,"0,85"
Veal,"Fry in pan, well done - Cooking liquid","0,95","0,75","0,75","0,75","0,75","0,75",1,1,1,"0,85","0,6","0,9","0,85","0,85","0,96",1,1,1,"0,55","0,45","0,85","0,45","0,7","0,75","0,55","0,55","0,55","0,8","0,85","0,9","0,8","0,9","0,9","0,85","0,9","0,9","0,9","0,9","0,9","0,9","0,9","0,85"
Veal,"Fry in pan, well done + Cooking liquid","0,98","0,98","0,98","0,98","0,98","0,98",1,1,1,1,1,1,1,1,1,1,1,1,"0,8","0,6",1,"0,6","0,75","0,85","0,8",1,1,"0,8","0,7","0,9","0,8","0,9","0,93","0,85",1,1,1,1,1,1,1,"0,85"
Veal,"Fry in oven, well done - Cooking liquid","0,95","0,75","0,75","0,75","0,75","0,75",1,1,1,"0,85","0,6","0,9","0,85","0,85","0,96",1,1,1,"0,55","0,45","0,85","0,45","0,7","0,75","0,55","0,55","0,55","0,8","0,85","0,9","0,8","0,9","0,9","0,85","0,9","0,9","0,9","0,9","0,9","0,9","0,9","0,85"
Veal,"Fry in oven, well done + Cooking liquid","0,98","0,98","0,98","0,98","0,98","0,98",1,1,1,1,1,1,1,1,1,1,1,1,"0,8","0,6",1,"0,6","0,75","0,85","0,8",1,1,"0,8","0,7","0,9","0,8","0,9","0,93","0,85",1,1,1,1,1,1,1,"0,85"
Veal,"Deep fry, well done","0,95",1,1,1,1,1,1,1,1,"0,85","0,6","0,9","0,85","0,85","0,96",1,1,1,"0,85","0,45","0,85","0,45","0,7","0,75","0,85","0,85","0,85","0,8","0,85","0,9","0,8","0,9","0,9","0,85","0,9","0,9","0,9","0,9","0,9","0,9","0,9","0,85"
Veal,"Fry in pan, breaded","0,98",1,1,1,1,1,"0,95","0,95",1,1,"0,9",1,1,"0,95",1,1,1,1,"0,75","0,85",1,"0,8","0,8","0,8","0,8",1,1,"0,9","0,85","0,9","0,9","0,95","0,9","0,9",1,1,1,1,1,1,1,"0,9"
Veal,"Fry in oven, breaded","0,98",1,1,1,1,1,"0,95","0,95",1,1,"0,9",1,1,"0,95",1,1,1,1,"0,75","0,85",1,"0,8","0,8","0,8","0,8",1,1,"0,9","0,85","0,9","0,9","0,95","0,9","0,9",1,1,1,1,1,1,1,"0,9"
Veal,"Deep fry, breaded","0,98",1,1,1,1,1,"0,95","0,95",1,1,"0,9",1,1,"0,95",1,1,1,1,"0,75","0,85",1,"0,8","0,8","0,8","0,8",1,1,"0,9","0,85","0,9","0,9","0,95","0,9","0,9",1,1,1,1,1,1,1,"0,9"
Pork,"Boiled, - Cooking liquid","0,9","0,75","0,75","0,75","0,75","0,75","0,9","0,9",1,"0,45","0,5","0,8","0,6","0,6",1,"0,95","0,8",1,"0,75","0,3","0,7","0,45","0,6","0,8","0,75","0,75","0,75","0,5","0,7",1,"0,5","0,7","0,9","0,8","0,95","0,95","0,95","0,95","0,95","0,95","0,95","0,85"
Pork,"Boiled,+ Cooking liquid","0,98","0,98","0,98","0,98","0,98","0,98",1,1,1,1,1,1,1,1,1,1,1,1,"0,8","0,6",1,"0,65","0,8","0,8","0,8",1,1,"0,8","0,8",1,"0,85","0,9","0,95","0,85",1,1,1,1,1,1,1,"0,9"
Pork,"Steamed, - Cooking liquid","0,9","0,75","0,75","0,75","0,75","0,75","0,9","0,9",1,"0,45","0,5","0,8","0,6","0,6",1,"0,95","0,8",1,"0,75","0,3","0,7","0,45","0,6","0,8","0,75","0,75","0,75","0,5","0,7",1,"0,5","0,7","0,9","0,8","0,95","0,95","0,95","0,95","0,95","0,95","0,95","0,85"
Pork,"Steamed, + Cooking liquid","0,98","0,98","0,98","0,98","0,98","0,98",1,1,1,1,1,1,1,1,1,1,1,1,"0,8","0,6",1,"0,65","0,8","0,8","0,8",1,1,"0,8","0,8",1,"0,85","0,9","0,95","0,85",1,1,1,1,1,1,1,"0,9"
Pork,"Stew, braise, - Cooking liquid","0,93","0,85","0,85","0,85","0,85","0,85","0,9","0,9",1,"0,5","0,55","0,85","0,65","0,65",1,1,"0,8",1,"0,8","0,45","0,75","0,45","0,6","0,75","0,8","0,85","0,85","0,5","0,7",1,"0,5","0,7","0,9","0,8","0,95","0,95","0,95","0,95","0,95","0,95","0,95","0,85"
Pork,"Stew, braise, + Cooking liquid","0,98","0,98","0,98","0,98","0,98","0,98",1,1,1,1,1,1,1,1,1,1,1,1,"0,8","0,7",1,"0,6","0,8","0,8","0,8",1,1,"0,8","0,8",1,"0,8","0,9","0,95","0,85",1,1,1,1,1,1,1,"0,9"
Pork,"Fry in pan, - Cooking liquid","0,95","0,8","0,8","0,8","0,8","0,8","0,9","0,9",1,"0,85","0,6","0,9","0,85","0,85",1,1,1,1,"0,8","0,5","0,85","0,6","0,8","0,8","0,8","0,85","0,85","0,75","0,85",1,"0,8","0,9","0,9","0,85","0,95","0,95","0,95","0,95","0,95","0,95","0,95","0,9"
Pork,"Fry in pan, + Cooking liquid","0,98","0,98","0,98","0,98","0,98","0,98",1,1,1,1,1,1,1,1,1,1,1,1,"0,8","0,7",1,"0,6","0,8","0,8","0,8",1,1,"0,8","0,8",1,"0,8","0,9","0,95","0,85",1,1,1,1,1,1,1,"0,9"
Pork,"Fry in oven, - Cooking liquid","0,95","0,8","0,8","0,8","0,8","0,8","0,9","0,9",1,"0,85","0,6","0,9","0,85","0,85",1,1,1,1,"0,8","0,5","0,85","0,6","0,8","0,8","0,8","0,85","0,85","0,75","0,85",1,"0,8","0,9","0,9","0,85","0,95","0,95","0,95","0,95","0,95","0,95","0,95","0,9"
Pork,"Fry in oven, + Cooking liquid","0,98","0,98","0,98","0,98","0,98","0,98",1,1,1,1,1,1,1,1,1,1,1,1,"0,8","0,7",1,"0,6","0,8","0,8","0,8",1,1,"0,8","0,8",1,"0,8","0,9","0,95","0,85",1,1,1,1,1,1,1,"0,9"
Pork,Deep fry,"0,95","0,8","0,8","0,8","0,8","0,8","0,9","0,9",1,"0,85","0,6","0,9","0,85","0,85",1,1,1,1,"0,8","0,5","0,85","0,6","0,8","0,8","0,8","0,85","0,85","0,75","0,85",1,"0,8","0,9","0,9","0,85","0,95","0,95","0,95","0,95","0,95","0,95","0,95","0,9"
Pork,"Fry in pan, breaded","0,98",1,1,1,1,1,"0,95","0,95",1,1,"0,9",1,1,"0,95",1,1,1,1,"0,8","0,8",1,"0,8","0,9","0,8","0,8",1,1,"0,9","0,9",1,"0,9","0,95","0,95","0,9",1,1,1,1,1,1,1,"0,95"
Pork,"Fry in oven, breaded","0,98",1,1,1,1,1,"0,95","0,95",1,1,"0,9",1,1,"0,95",1,1,1,1,1,"0,8",1,"0,8","0,9","0,8",1,1,1,"0,9","0,9",1,"0,9","0,95","0,95","0,9",1,1,1,1,1,1,1,"0,95"
Pork,"Deep fry, breaded","0,98",1,1,1,1,1,"0,95","0,95",1,1,"0,9",1,1,"0,95",1,1,1,1,"0,8","0,8",1,"0,8","0,9","0,8","0,8",1,1,"0,9","0,9",1,"0,9","0,95","0,95","0,9",1,1,1,1,1,1,1,"0,95"
Pork roast,"Browned, simmer, - Cooking liquid","0,93","0,85","0,85","0,85","0,85","0,85","0,9","0,9",1,"0,7","0,75","0,8","0,65","0,65",1,1,1,1,"0,75","0,4","0,75","0,5","0,6","0,75","0,8","0,85","0,85","0,8","0,65",1,"0,5","0,7","0,9","0,8","0,95","0,95","0,95","0,95","0,95","0,95","0,95","0,85"
Pork roast,"Browned, simmer, + Cooking liquid","0,98","0,98","0,98","0,98","0,98","0,98",1,1,1,1,1,1,1,1,1,1,1,1,"0,8","0,55","0,9","0,65","0,75","0,8",1,1,1,"0,95","0,7",1,"0,8","0,9","0,95","0,85",1,1,1,1,1,1,1,"0,9"
Pork chops,"Browned, simmer, - Cooking liquid","0,93","0,85","0,85","0,85","0,85","0,85","0,9","0,9",1,"0,7","0,75","0,8","0,65","0,65",1,1,1,1,"0,75","0,4","0,75","0,5","0,6","0,75","0,8","0,85","0,85","0,8","0,65",1,"0,5","0,7","0,9","0,8","0,95","0,95","0,95","0,95","0,95","0,95","0,95","0,85"
Pork chops,"Browned, simmer, + Cooking liquid","0,98","0,98","0,98","0,98","0,98","0,98",1,1,1,1,1,1,1,1,1,1,1,1,"0,8","0,55","0,9","0,65","0,75","0,8",1,1,1,"0,95","0,7",1,"0,8","0,9","0,95","0,85",1,1,1,1,1,1,1,"0,9"
Pork chops,"Simmer, - Cooking liquid","0,93","0,85","0,85","0,85","0,85","0,85","0,9","0,9",1,"0,7","0,75","0,8","0,65","0,65",1,1,1,1,"0,75","0,4","0,75","0,5","0,6","0,75","0,8","0,85","0,85","0,8","0,65",1,"0,5","0,7","0,9","0,8","0,95","0,95","0,95","0,95","0,95","0,95","0,95","0,85"
Pork chops,"Simmer, + Cooking liquid","0,98","0,98","0,98","0,98","0,98","0,98",1,1,1,1,1,1,1,1,1,1,1,1,"0,8","0,55","0,9","0,65","0,75","0,8",1,1,1,"0,95","0,7",1,"0,8","0,9","0,95","0,85",1,1,1,1,1,1,1,"0,9"
Ground pork,"Browned, simmer, - Cooking liquid","0,93","0,85","0,85","0,85","0,85","0,85","0,9","0,9",1,"0,7","0,75","0,8","0,65","0,65",1,1,1,1,"0,75","0,4","0,75","0,5","0,6","0,75","0,8","0,85","0,85","0,8","0,65","0,9","0,5","0,7","0,9","0,8","0,95","0,95","0,95","0,95","0,95","0,95","0,95","0,85"
Ground pork,"Browned, simmer, + Cooking liquid","0,98","0,98","0,98","0,98","0,98","0,98",1,1,1,1,1,1,1,1,1,1,1,1,"0,8","0,55","0,9","0,65","0,75","0,8",1,1,1,"0,95","0,7",1,"0,8","0,9","0,95","0,85",1,1,1,1,1,1,1,"0,9"
Ground pork,"Simmer, - Cooking liquid","0,93","0,85","0,85","0,85","0,85","0,85","0,9","0,9",1,"0,7","0,75","0,8","0,65","0,65",1,1,1,1,"0,75","0,4","0,75","0,5","0,6","0,75","0,8","0,85","0,85","0,8","0,65","0,9","0,5","0,7","0,9","0,8","0,95","0,95","0,95","0,95","0,95","0,95","0,95","0,85"
Ground pork,"Simmer, + Cooking liquid","0,98","0,98","0,98","0,98","0,98","0,98",1,1,1,1,1,1,1,1,1,1,1,1,"0,8","0,55","0,9","0,65","0,75","0,8",1,1,1,"0,95","0,7","0,9","0,8","0,9","0,95","0,85",1,1,1,1,1,1,1,"0,9"
Pork cured,Broiled,"0,98","0,98","0,98","0,98","0,98","0,98",1,1,1,"0,9","0,85","0,75","0,95","0,9","0,8","0,95",1,1,"0,75","0,7",1,"0,65","0,9","0,8",1,1,1,"0,8","0,85",1,"0,8","0,9","0,95","0,85",1,1,1,1,1,1,1,"0,9"
Pork cured,"Browned, simmer, - Cooking liquid","0,93","0,85","0,85","0,85","0,85","0,85","0,9","0,9",1,"0,7","0,75","0,8","0,65","0,65",1,1,1,1,"0,75","0,4","0,75","0,5","0,6","0,75","0,8","0,85","0,85","0,8","0,65",1,"0,5","0,7","0,9","0,8","0,95","0,95","0,95","0,95","0,95","0,95","0,95","0,85"
Pork cured,"Browned, simmer, + Cooking liquid","0,98","0,98","0,98","0,98","0,98","0,98",1,1,1,1,1,1,1,1,1,1,1,1,"0,8","0,55","0,9","0,65","0,75","0,8",1,1,1,"0,95","0,7",1,"0,8","0,9","0,95","0,85",1,1,1,1,1,1,1,"0,9"
Pork cured,"Simmer, - Cooking liquid","0,93","0,85","0,85","0,85","0,85","0,85","0,9","0,9",1,"0,7","0,75","0,8","0,65","0,65",1,1,1,1,"0,75","0,4","0,75","0,5","0,6","0,75","0,8","0,85","0,85","0,8","0,65",1,"0,5","0,7","0,9","0,8","0,95","0,95","0,95","0,95","0,95","0,95","0,95","0,85"
Pork cured,"Simmer, + Cooking liquid","0,98","0,98","0,98","0,98","0,98","0,98",1,1,1,1,1,1,1,1,1,1,1,1,"0,8","0,55","0,9","0,65","0,75","0,8",1,1,1,"0,95","0,7",1,"0,8","0,9","0,95","0,85",1,1,1,1,1,1,1,"0,9"
Lamb,"Boiled, - Cooking liquid","0,65","0,8","0,8","0,8","0,8","0,8","0,9","0,9",1,"0,6","0,55","0,8","0,65","0,8",1,"0,95",1,1,"0,8","0,4","0,55","0,4","0,6","0,8","0,8","0,8","0,8","0,5","0,6","0,9","0,4","0,7","0,9","0,8","0,95","0,95","0,95","0,95","0,95","0,95","0,95","0,85"
Lamb,"Boiled,+ Cooking liquid","0,98","0,98","0,98","0,98","0,98","0,98",1,1,1,1,1,1,1,1,1,1,1,1,"0,8","0,7",1,"0,8","0,7","0,8","0,8",1,1,"0,8","0,7","0,9","0,75","0,9","0,95","0,85",1,1,1,1,1,1,1,"0,9"
Lamb,"Steamed, - Cooking liquid","0,65","0,8","0,8","0,8","0,8","0,8","0,9","0,9",1,"0,6","0,55","0,8","0,65","0,8",1,"0,95",1,1,"0,8","0,4","0,55","0,4","0,6","0,8","0,8","0,8","0,8","0,5","0,6","0,9","0,4","0,7","0,9","0,8","0,95","0,95","0,95","0,95","0,95","0,95","0,95","0,85"
Lamb,"Steamed, + Cooking liquid","0,98","0,98","0,98","0,98","0,98","0,98",1,1,1,1,1,1,1,1,1,1,1,1,"0,8","0,7",1,"0,8","0,7","0,8","0,8",1,1,"0,8","0,7","0,9","0,75","0,9","0,95","0,85",1,1,1,1,1,1,1,"0,9"
Lamb,"Stew, braise, - Cooking liquid","0,65","0,8","0,8","0,8","0,8","0,8","0,9","0,9",1,"0,6","0,55","0,8","0,65","0,8",1,"0,95",1,1,"0,8","0,4","0,65","0,45","0,6","0,8","0,8","0,8","0,8","0,55","0,65","0,9","0,5","0,7","0,9","0,8","0,95","0,95","0,95","0,95","0,95","0,95","0,95","0,85"
Lamb,"Stew, braise, + Cooking liquid","0,98","0,98","0,98","0,98","0,98","0,98",1,1,1,1,1,1,1,1,1,1,1,1,"0,8","0,7",1,"0,8","0,7","0,8","0,8",1,1,"0,8","0,7","0,9","0,75","0,9","0,95","0,85",1,1,1,1,1,1,1,"0,9"
Lamb,"Fry in pan, - Cooking liquid","0,95","0,8","0,8","0,8","0,8","0,8",1,1,1,"0,85","0,8","0,9","0,85","0,85","0,95","0,95",1,1,"0,8","0,6","0,8","0,6","0,7","0,8","0,8","0,8","0,8","0,7","0,8","0,9","0,8","0,9","0,9","0,85","0,95","0,95","0,95","0,95","0,95","0,95","0,95","0,9"
Lamb,"Fry in pan, + Cooking liquid","0,98","0,98","0,98","0,98","0,98","0,98",1,1,1,1,1,1,1,1,1,1,1,1,"0,8","0,7",1,"0,8","0,7","0,8","0,8",1,1,"0,8","0,7","0,9","0,75","0,9","0,95","0,85",1,1,1,1,1,1,1,"0,9"
Lamb,"Fry in oven, - Cooking liquid","0,95","0,8","0,8","0,8","0,8","0,8",1,1,1,"0,85","0,8","0,9","0,85","0,85","0,95","0,95",1,1,"0,8","0,6","0,8","0,6","0,7","0,8","0,8","0,8","0,8","0,7","0,8","0,9","0,8","0,9","0,9","0,85","0,95","0,95","0,95","0,95","0,95","0,95","0,95","0,9"
Lamb,"Fry in oven, + Cooking liquid","0,98","0,98","0,98","0,98","0,98","0,98",1,1,1,1,1,1,1,1,1,1,1,1,"0,8","0,7",1,"0,8","0,7","0,8","0,8",1,1,"0,8","0,7","0,9","0,75","0,9","0,95","0,85",1,1,1,1,1,1,1,"0,9"
Lamb,Deep fry,"0,95",1,1,1,1,1,1,1,1,"0,85","0,8","0,9","0,85","0,85","0,95","0,95",1,1,"0,8","0,6","0,8","0,6","0,7","0,8","0,8","0,8","0,8","0,7","0,8","0,9","0,8","0,9","0,9","0,85","0,95","0,95","0,95","0,95","0,95","0,95","0,95","0,9"
Lamb,"Fry in pan, breaded","0,98",1,1,1,1,1,"0,95","0,95",1,1,"0,9",1,1,"0,95",1,1,1,1,"0,8","0,85",1,"0,8","0,9","0,8","0,82",1,1,"0,9","0,9","0,9","0,9","0,95","0,95","0,9",1,1,1,1,1,1,1,"0,95"
Lamb,"Fry in oven, breaded","0,98",1,1,1,1,1,"0,95","0,95",1,1,"0,9",1,1,"0,95",1,1,1,1,"0,8","0,85",1,"0,8","0,9","0,8","0,8",1,1,"0,9","0,9","0,9","0,9","0,95","0,95","0,9",1,1,1,1,1,1,1,"0,95"
Lamb,"Deep fry, breaded","0,98",1,1,1,1,1,"0,95","0,95",1,1,"0,9",1,1,"0,95",1,1,1,1,"0,8","0,85",1,"0,8","0,9","0,8","0,8",1,1,"0,9","0,9","0,9","0,9","0,95","0,95","0,9",1,1,1,1,1,1,1,"0,95"
Chicken,"Boiled, - Cooking liquid","0,9","0,55","0,55","0,55","0,55","0,55","0,9","0,9",1,"0,4","0,4","0,85","0,7","0,7","0,8","0,5",1,1,"0,75","0,55","0,95","0,6","0,5","0,8","0,55","0,55","0,55","0,6","0,5","0,7","0,6","0,7","0,85","0,75","0,9","0,9","0,9","0,9","0,9","0,9","0,9","0,75"
Chicken,"Boiled,+ Cooking liquid",1,"0,98","0,98","0,98","0,98","0,98",1,1,1,1,1,1,1,1,1,1,"0,9",1,"0,8","0,7",1,"0,8","0,7","0,8","0,8",1,1,"0,8","0,7","0,7","0,8","0,9","0,93","0,8",1,1,1,1,1,1,1,"0,85"
Chicken,"Steamed, - Cooking liquid","0,9","0,55","0,55","0,55","0,55","0,55","0,9","0,9",1,"0,4","0,4","0,85","0,7","0,7","0,8","0,5","0,9",1,"0,75","0,55","0,95","0,6","0,5","0,8","0,55","0,55","0,55","0,6","0,5","0,7","0,6","0,7","0,85","0,75","0,9","0,9","0,9","0,9","0,9","0,9","0,9","0,75"
Chicken,"Steamed, + Cooking liquid",1,"0,98","0,98","0,98","0,98","0,98",1,1,1,1,1,1,1,1,1,1,1,1,"0,8","0,7",1,"0,8","0,7","0,8","0,8",1,1,"0,8","0,7","0,7","0,8","0,9","0,93","0,8",1,1,1,1,1,1,1,"0,85"
Chicken,"Stew, braise, - Cooking liquid","0,92","0,6","0,6","0,6","0,6","0,6","0,9","0,9",1,"0,4","0,5","0,85","0,7","0,7","0,8","0,5","0,9",1,"0,75","0,55","0,95","0,6","0,5","0,8","0,6","0,6","0,6","0,6","0,5","0,7","0,6","0,7","0,85","0,75","0,9","0,9","0,9","0,9","0,9","0,9","0,9","0,75"
Chicken,"Stew, braise, + Cooking liquid",1,"0,98","0,98","0,98","0,98","0,98",1,1,1,1,1,1,1,1,1,1,1,1,"0,8","0,7",1,"0,8","0,7","0,8","0,8",1,1,"0,8","0,7","0,7","0,8","0,9","0,93","0,8",1,1,1,1,1,1,1,"0,85"
Chicken,"Fry in pan, - Cooking liquid","0,98","0,65","0,65","0,65","0,65","0,65",1,1,1,"0,85","0,9",1,"0,8","0,85","0,95","0,85",1,1,"0,75","0,7",1,"0,55","0,65","0,8","0,75","0,75","0,75","0,8","0,5","0,7","0,8","0,85","0,95","0,95",1,1,1,1,1,1,1,"0,95"
Chicken,"Fry in pan, + Cooking liquid",1,"0,98","0,98","0,98","0,98","0,98",1,1,1,1,1,1,1,1,1,1,1,1,"0,8","0,7",1,"0,8","0,7","0,8","0,8",1,1,"0,8","0,7","0,7","0,8","0,9","0,93","0,8",1,1,1,1,1,1,1,"0,85"
Chicken,"Fry in oven, - Cooking liquid",1,"0,75","0,75","0,75","0,75","0,75",1,1,1,"0,85","0,6",1,"0,8","0,8","0,95","0,6",1,1,"0,75","0,6",1,"0,6","0,65","0,8","0,75","0,8","0,8","0,8","0,6","0,7","0,75","0,85","0,85","0,85",1,1,1,1,1,1,1,"0,85"
Chicken,"Fry in oven, + Cooking liquid",1,"0,98","0,98","0,98","0,98","0,98",1,1,1,1,1,1,1,1,1,1,1,1,"0,8","0,7",1,"0,8","0,7","0,8","0,8",1,1,"0,8","0,7","0,7","0,8","0,9","0,93","0,8",1,1,1,1,1,1,1,"0,85"
Chicken,Deep fry,"0,98","0,75","0,75","0,75","0,75","0,75",1,1,1,"0,85","0,9",1,"0,8","0,85","0,85","0,85",1,1,"0,75","0,55","0,9","0,6","0,65","0,8","0,75",1,1,"0,8","0,5","0,7","0,8","0,85","0,85","0,85",1,1,1,1,1,1,1,"0,85"
Chicken,"Fry in pan, breaded",1,1,1,1,1,1,"0,95","0,95",1,1,"0,98",1,"0,9","0,9",1,"0,9",1,1,"0,75","0,8",1,"0,6","0,8","0,8","0,8",1,1,"0,85","0,7","0,7","0,9","0,95",1,1,1,1,1,1,1,1,1,1
Chicken,"Fry in oven, breaded",1,1,1,1,1,1,"0,95","0,95",1,1,"0,98",1,"0,9","0,9",1,"0,9",1,1,"0,75","0,8",1,"0,8","0,8","0,8",1,1,1,"0,85","0,7","0,7","0,9","0,95",1,1,1,1,1,1,1,1,1,1
Chicken,"Deep fry, breaded",1,1,1,1,1,1,"0,95","0,95",1,1,"0,98",1,"0,9","0,9",1,"0,9",1,1,"0,75","0,75",1,"0,6","0,8","0,8","0,8",1,1,"0,85","0,7","0,7","0,9","0,95",1,1,1,1,1,1,1,1,1,1
Goose,"Boiled, - Cooking liquid","0,9","0,45","0,45","0,45","0,45","0,45","0,9","0,9",1,"0,4","0,5","0,85","0,7","0,7","0,8","0,5",1,1,"0,55","0,4","0,95","0,6","0,5","0,8","0,55","0,55","0,55","0,6","0,5","0,7","0,7","0,7","0,85","0,75","0,9","0,9","0,9","0,9","0,9","0,9","0,9","0,75"
Goose,"Boiled,+ Cooking liquid",1,"0,98","0,98","0,98","0,98","0,98",1,1,1,1,1,1,1,1,1,1,1,1,"0,8","0,6",1,"0,8","0,7","0,8","0,8",1,1,"0,8","0,6","0,7","0,8","0,9","0,93","0,8",1,1,1,1,1,1,1,"0,85"
Goose,"Steamed, - Cooking liquid","0,9","0,45","0,45","0,45","0,45","0,45","0,9","0,9",1,"0,4","0,5","0,85","0,7","0,7","0,8","0,5",1,1,"0,55","0,4","0,95","0,6","0,5","0,8","0,55","0,55","0,55","0,6","0,5","0,7","0,7","0,7","0,85","0,75","0,9","0,9","0,9","0,9","0,9","0,9","0,9","0,75"
Goose,"Steamed, - Cooking liquid",1,"0,98","0,98","0,98","0,98","0,98",1,1,1,1,1,1,1,1,1,1,1,1,"0,8","0,6",1,"0,8","0,7","0,8","0,8",1,1,"0,8","0,6","0,7","0,8","0,9","0,93","0,8",1,1,1,1,1,1,1,"0,85"
Goose,"Stew, braise, - Cooking liquid","0,9","0,45","0,45","0,45","0,45","0,45","0,9","0,9",1,"0,4","0,5","0,85","0,7","0,7","0,8","0,5",1,1,"0,55","0,4","0,95","0,6","0,5","0,8","0,55","0,55","0,55","0,6","0,5","0,7","0,7","0,7","0,85","0,75","0,9","0,9","0,9","0,9","0,9","0,9","0,9","0,75"
Goose,"Stew, braise, + Cooking liquid",1,"0,98","0,98","0,98","0,98","0,98",1,1,1,1,1,1,1,1,1,1,1,1,"0,8","0,7",1,"0,8","0,7","0,8","0,8",1,1,"0,8","0,6","0,7","0,8","0,9","0,93","0,8",1,1,1,1,1,1,1,"0,85"
Goose,"Fry in pan, - Cooking liquid","0,97","0,45","0,45","0,45","0,45","0,45",1,1,1,"0,85","0,9",1,"0,85","0,85","0,95","0,85",1,1,"0,75","0,7","0,9","0,65","0,8","0,8","0,75","0,75","0,75","0,85","0,5","0,7","0,8","0,7","0,85","0,85",1,1,1,1,1,1,1,"0,85"
Goose,"Fry in pan, + Cooking liquid",1,"0,98","0,98","0,98","0,98","0,98",1,1,1,1,1,1,1,1,1,1,1,1,"0,8","0,7",1,"0,8","0,7","0,8","0,8",1,1,"0,8","0,6","0,7","0,8","0,9","0,93","0,8",1,1,1,1,1,1,1,"0,85"
Goose,"Fry in oven, - Cooking liquid","0,97","0,45","0,45","0,45","0,45","0,45",1,1,1,"0,85","0,9",1,"0,85","0,85","0,95","0,85",1,1,"0,75","0,7","0,9","0,65","0,7","0,8","0,4","0,4","0,4","0,8","0,5","0,7","0,7","0,7","0,85","0,85",1,1,1,1,1,1,1,"0,85"
Goose,"Fry in oven, + Cooking liquid",1,"0,98","0,98","0,98","0,98","0,98",1,1,1,1,1,1,1,1,1,1,1,1,"0,8","0,65",1,"0,8","0,7","0,8","0,8",1,1,"0,8","0,6","0,7","0,8","0,9","0,93","0,8",1,1,1,1,1,1,1,"0,85"
Goose,Deep fry,"0,97","0,75","0,75","0,75","0,75","0,75",1,1,1,"0,85","0,9",1,"0,85","0,85","0,95","0,85",1,1,"0,8","0,6","0,9","0,5","0,8","0,8","0,8","0,8","0,8","0,8","0,5","0,7","0,75","0,7","0,85","0,85",1,1,1,1,1,1,1,"0,85"
Goose,"Fry in pan, breaded","0,98",1,1,1,1,1,"0,95","0,95",1,1,"0,98",1,1,"0,9",1,"0,9",1,1,"0,8","0,8",1,"0,65","0,9","0,8","0,8",1,1,"0,9","0,6","0,7","0,8","0,9",1,1,1,1,1,1,1,1,1,1
Goose,"Fry in oven, breaded","0,98",1,1,1,1,1,"0,95","0,95",1,1,"0,98",1,1,"0,9",1,"0,9",1,1,"0,8","0,8",1,"0,65","0,9","0,8","0,8",1,1,"0,9","0,6","0,7","0,8","0,9",1,1,1,1,1,1,1,1,1,1
Goose,"Deep fry, breaded","0,98",1,1,1,1,1,"0,95","0,95",1,1,"0,98",1,1,"0,9",1,"0,9",1,1,"0,8","0,8",1,"0,65","0,9","0,8","0,8",1,1,"0,9","0,6","0,7","0,8","0,9",1,1,1,1,1,1,1,1,1,1
Duck,"Boiled, - Cooking liquid","0,9","0,45","0,45","0,45","0,45","0,45","0,9","0,9",1,"0,4","0,5","0,85","0,7","0,7","0,8","0,5",1,1,"0,55","0,4","0,95","0,6","0,5","0,8","0,55","0,55","0,55","0,6","0,5","0,7","0,7","0,7","0,85","0,75","0,9","0,9","0,9","0,9","0,9","0,9","0,9","0,75"
Duck,"Boiled,+ Cooking liquid",1,"0,98","0,98","0,98","0,98","0,98",1,1,1,1,1,1,1,1,1,1,1,1,"0,8","0,6",1,"0,8","0,7","0,8","0,8",1,1,"0,8","0,6","0,7","0,8","0,9","0,93","0,8",1,1,1,1,1,1,1,"0,85"
Duck,"Steamed, - Cooking liquid","0,9","0,45","0,45","0,45","0,45","0,45","0,9","0,9",1,"0,4","0,5","0,85","0,7","0,7","0,8","0,5",1,1,"0,55","0,4","0,95","0,6","0,5","0,8","0,55","0,55","0,55","0,6","0,5","0,7","0,7","0,7","0,85","0,75","0,9","0,9","0,9","0,9","0,9","0,9","0,9","0,75"
Duck,"Steamed, + Cooking liquid",1,"0,98","0,98","0,98","0,98","0,98",1,1,1,1,1,1,1,1,1,1,1,1,"0,8","0,6",1,"0,8","0,7","0,8","0,8",1,1,"0,8","0,6","0,7","0,8","0,9","0,93","0,8",1,1,1,1,1,1,1,"0,85"
Duck,"Stew, braise, - Cooking liquid","0,9","0,45","0,45","0,45","0,45","0,45","0,9","0,9",1,"0,4","0,5","0,85","0,7","0,7","0,8","0,5",1,1,"0,55","0,4","0,95","0,6","0,5","0,8","0,55","0,55","0,55","0,6","0,5","0,7","0,7","0,7","0,85","0,75","0,9","0,9","0,9","0,9","0,9","0,9","0,9","0,75"
Duck,"Stew, braise, + Cooking liquid",1,"0,98","0,98","0,98","0,98","0,98",1,1,1,1,1,1,1,1,1,1,1,1,"0,8","0,7",1,"0,8","0,7","0,8","0,8",1,1,"0,8","0,6","0,7","0,8","0,9","0,93","0,8",1,1,1,1,1,1,1,"0,85"
Duck,"Fry in pan, - Cooking liquid","0,97","0,45","0,45","0,45","0,45","0,45",1,1,1,"0,85","0,9",1,"0,85","0,85","0,95","0,85",1,1,"0,75","0,7","0,9","0,65","0,8","0,8","0,75","0,75","0,75","0,85","0,5","0,7","0,8","0,7","0,85","0,85",1,1,1,1,1,1,1,"0,85"
Duck,"Fry in pan, + Cooking liquid",1,"0,98","0,98","0,98","0,98","0,98",1,1,1,1,1,1,1,1,1,1,1,1,"0,8","0,7",1,"0,8","0,7","0,8","0,8",1,1,"0,8","0,6","0,7","0,8","0,9","0,93","0,8",1,1,1,1,1,1,1,"0,85"
Duck,"Fry in oven, - Cooking liquid","0,97","0,45","0,45","0,45","0,45","0,45",1,1,1,"0,85","0,9",1,"0,85","0,85","0,95","0,85",1,1,"0,75","0,7","0,9","0,65","0,7","0,8","0,4","0,4","0,4","0,8","0,5","0,7","0,7","0,7","0,85","0,85",1,1,1,1,1,1,1,"0,85"
Duck,"Fry in oven, + Cooking liquid",1,"0,98","0,98","0,98","0,98","0,98",1,1,1,1,1,1,1,1,1,1,1,1,"0,8","0,65",1,"0,8","0,7","0,8","0,8",1,1,"0,8","0,6","0,7","0,8","0,9","0,93","0,8",1,1,1,1,1,1,1,"0,85"
Duck,Deep fry,"0,97","0,75","0,75","0,75","0,75","0,75",1,1,1,"0,85","0,9",1,"0,85","0,85","0,95","0,85",1,1,"0,8","0,6","0,9","0,5","0,8","0,8","0,8","0,8","0,8","0,8","0,5","0,7","0,75","0,7","0,85","0,85",1,1,1,1,1,1,1,"0,85"
Duck,"Fry in pan, breaded","0,98",1,1,1,1,1,"0,95","0,95",1,1,"0,98",1,1,"0,9",1,"0,9",1,1,"0,8","0,8",1,"0,65","0,9","0,8","0,8",1,1,"0,9","0,6","0,7","0,8","0,9",1,1,1,1,1,1,1,1,1,1
Duck,"Fry in oven, breaded","0,98",1,1,1,1,1,"0,95","0,95",1,1,"0,98",1,1,"0,9",1,"0,9",1,1,"0,8","0,8",1,"0,65","0,9","0,8","0,8",1,1,"0,9","0,6","0,7","0,8","0,9",1,1,1,1,1,1,1,1,1,1
Mutton,"Boiled, - Cooking liquid","0,65","0,8","0,8","0,8","0,8","0,8","0,9","0,9",1,"0,6","0,55","0,8","0,65","0,8",1,"0,95",1,1,"0,8","0,4","0,55","0,4","0,6","0,8","0,8","0,8","0,8","0,5","0,6","0,9","0,4","0,7","0,9","0,8","0,95","0,95","0,95","0,95","0,95","0,95","0,95","0,85"
Mutton,"Boiled,+ Cooking liquid","0,98","0,98","0,98","0,98","0,98","0,98",1,1,1,1,1,1,1,1,1,1,1,1,"0,8","0,7",1,"0,8","0,7","0,8","0,8",1,1,"0,8","0,7","0,9","0,75","0,9","0,95","0,85",1,1,1,1,1,1,1,"0,9"
Mutton,"Steamed, - Cooking liquid","0,65","0,8","0,8","0,8","0,8","0,8","0,9","0,9",1,"0,6","0,55","0,8","0,65","0,8",1,"0,95",1,1,"0,8","0,4","0,55","0,4","0,6","0,8","0,8","0,8","0,8","0,5","0,6","0,9","0,4","0,7","0,9","0,8","0,95","0,95","0,95","0,95","0,95","0,95","0,95","0,85"
Mutton,"Steamed, + Cooking liquid","0,98","0,98","0,98","0,98","0,98","0,98",1,1,1,1,1,1,1,1,1,1,1,1,"0,8","0,7",1,"0,8","0,7","0,8","0,8",1,1,"0,8","0,7","0,9","0,75","0,9","0,95","0,85",1,1,1,1,1,1,1,"0,9"
Mutton,"Stew, braise, - Cooking liquid","0,65","0,8","0,8","0,8","0,8","0,8","0,9","0,9",1,"0,6","0,55","0,8","0,65","0,8",1,"0,95",1,1,"0,8","0,4","0,65","0,45","0,6","0,8","0,8","0,8","0,8","0,55","0,65","0,9","0,5","0,7","0,9","0,8","0,95","0,95","0,95","0,95","0,95","0,95","0,95","0,85"
Mutton,"Stew, braise, + Cooking liquid","0,98","0,98","0,98","0,98","0,98","0,98",1,1,1,1,1,1,1,1,1,1,1,1,"0,8","0,7",1,"0,8","0,7","0,8","0,8",1,1,"0,8","0,7","0,9","0,75","0,9","0,95","0,85",1,1,1,1,1,1,1,"0,9"
Mutton,"Fry in pan, - Cooking liquid","0,95","0,8","0,8","0,8","0,8","0,8",1,1,1,"0,85","0,8","0,9","0,85","0,85","0,95","0,95",1,1,"0,8","0,6","0,8","0,6","0,7","0,8","0,8","0,8","0,8","0,7","0,8","0,9","0,8","0,9","0,9","0,85","0,95","0,95","0,95","0,95","0,95","0,95","0,95","0,9"
Mutton,"Fry in pan, + Cooking liquid","0,98","0,98","0,98","0,98","0,98","0,98",1,1,1,1,1,1,1,1,1,1,1,1,"0,8","0,7",1,"0,8","0,7","0,8","0,8",1,1,"0,8","0,7","0,9","0,75","0,9","0,95","0,85",1,1,1,1,1,1,1,"0,9"
Mutton,"Fry in oven, - Cooking liquid","0,95","0,8","0,8","0,8","0,8","0,8",1,1,1,"0,85","0,8","0,9","0,85","0,85","0,95","0,95",1,1,"0,8","0,6","0,8","0,6","0,7","0,8","0,8","0,8","0,8","0,7","0,8","0,9","0,8","0,9","0,9","0,85","0,95","0,95","0,95","0,95","0,95","0,95","0,95","0,9"
Mutton,"Fry in oven, + Cooking liquid","0,98","0,98","0,98","0,98","0,98","0,98",1,1,1,1,1,1,1,1,1,1,1,1,"0,8","0,7",1,"0,8","0,7","0,8","0,8",1,1,"0,8","0,7","0,9","0,75","0,9","0,95","0,85",1,1,1,1,1,1,1,"0,9"
Mutton,Deep fry,"0,95",1,1,1,1,1,1,1,1,"0,85","0,8","0,9","0,85","0,85","0,95","0,95",1,1,"0,8","0,6","0,8","0,6","0,7","0,8","0,8","0,8","0,8","0,7","0,8","0,9","0,8","0,9","0,9","0,85","0,95","0,95","0,95","0,95","0,95","0,95","0,95","0,9"
Mutton,"Fry in pan, breaded","0,98",1,1,1,1,1,"0,95","0,95",1,1,"0,9",1,1,"0,95",1,1,1,1,"0,8","0,85",1,"0,8","0,9","0,8","0,82",1,1,"0,9","0,9","0,9","0,9","0,95","0,95","0,9",1,1,1,1,1,1,1,"0,95"
Mutton,"Fry in oven, breaded","0,98",1,1,1,1,1,"0,95","0,95",1,1,"0,9",1,1,"0,95",1,1,1,1,"0,8","0,85",1,"0,8","0,9","0,8","0,8",1,1,"0,9","0,9","0,9","0,9","0,95","0,95","0,9",1,1,1,1,1,1,1,"0,95"
Mutton,"Deep fry, breaded","0,98",1,1,1,1,1,"0,95","0,95",1,1,"0,9",1,1,"0,95",1,1,1,1,"0,8","0,85",1,"0,8","0,9","0,8","0,8",1,1,"0,9","0,9","0,9","0,9","0,95","0,95","0,9",1,1,1,1,1,1,1,"0,95"
Game,"Boiled, - Cooking liquid","0,65","0,8","0,8","0,8","0,8","0,8","0,9","0,9",1,"0,6","0,55","0,8","0,65","0,8",1,"0,95",1,1,"0,8","0,4","0,55","0,4","0,6","0,8","0,8","0,8","0,8","0,5","0,6","0,9","0,4","0,7","0,9","0,8","0,95","0,95","0,95","0,95","0,95","0,95","0,95","0,85"
Game,"Boiled,+ Cooking liquid","0,98","0,98","0,98","0,98","0,98","0,98",1,1,1,1,1,1,1,1,1,1,1,1,"0,8","0,7",1,"0,8","0,7","0,8","0,8",1,1,"0,8","0,7","0,9","0,75","0,9","0,95","0,85",1,1,1,1,1,1,1,"0,9"
Game,"Steamed, - Cooking liquid","0,65","0,8","0,8","0,8","0,8","0,8","0,9","0,9",1,"0,6","0,55","0,8","0,65","0,8",1,"0,95",1,1,"0,8","0,4","0,55","0,4","0,6","0,8","0,8","0,8","0,8","0,5","0,6","0,9","0,4","0,7","0,9","0,8","0,95","0,95","0,95","0,95","0,95","0,95","0,95","0,85"
Game,"Steamed, + Cooking liquid","0,98","0,98","0,98","0,98","0,98","0,98",1,1,1,1,1,1,1,1,1,1,1,1,"0,8","0,7",1,"0,8","0,7","0,8","0,8",1,1,"0,8","0,7","0,9","0,75","0,9","0,95","0,85",1,1,1,1,1,1,1,"0,9"
Game,"Stew, braise, - Cooking liquid","0,65","0,8","0,8","0,8","0,8","0,8","0,9","0,9",1,"0,6","0,55","0,8","0,65","0,8",1,"0,95",1,1,"0,8","0,4","0,65","0,45","0,6","0,8","0,8","0,8","0,8","0,55","0,65","0,9","0,5","0,7","0,9","0,8","0,95","0,95","0,95","0,95","0,95","0,95","0,95","0,85"
Game,"Stew, braise, + Cooking liquid","0,98","0,98","0,98","0,98","0,98","0,98",1,1,1,1,1,1,1,1,1,1,1,1,"0,8","0,7",1,"0,8","0,7","0,8","0,8",1,1,"0,8","0,7","0,9","0,75","0,9","0,95","0,85",1,1,1,1,1,1,1,"0,9"
Game,"Fry in pan, - Cooking liquid","0,95","0,8","0,8","0,8","0,8","0,8",1,1,1,"0,85","0,8","0,9","0,85","0,85","0,95","0,95",1,1,"0,8","0,6","0,8","0,6","0,7","0,8","0,8","0,8","0,8","0,7","0,8","0,9","0,8","0,9","0,9","0,85","0,95","0,95","0,95","0,95","0,95","0,95","0,95","0,9"
Game,"Fry in pan, + Cooking liquid","0,98","0,98","0,98","0,98","0,98","0,98",1,1,1,1,1,1,1,1,1,1,1,1,"0,8","0,7",1,"0,8","0,7","0,8","0,8",1,1,"0,8","0,7","0,9","0,75","0,9","0,95","0,85",1,1,1,1,1,1,1,"0,9"
Game,"Fry in oven, - Cooking liquid","0,95","0,8","0,8","0,8","0,8","0,8",1,1,1,"0,85","0,8","0,9","0,85","0,85","0,95","0,95",1,1,"0,8","0,6","0,8","0,6","0,7","0,8","0,8","0,8","0,8","0,7","0,8","0,9","0,8","0,9","0,9","0,85","0,95","0,95","0,95","0,95","0,95","0,95","0,95","0,9"
Game,"Fry in oven, + Cooking liquid","0,98","0,98","0,98","0,98","0,98","0,98",1,1,1,1,1,1,1,1,1,1,1,1,"0,8","0,7",1,"0,8","0,7","0,8","0,8",1,1,"0,8","0,7","0,9","0,75","0,9","0,95","0,85",1,1,1,1,1,1,1,"0,9"
Game,Deep fry,"0,95",1,1,1,1,1,1,1,1,"0,85","0,8","0,9","0,85","0,85","0,95","0,95",1,1,"0,8","0,6","0,8","0,6","0,7","0,8","0,8","0,8","0,8","0,7","0,8","0,9","0,8","0,9","0,9","0,85","0,95","0,95","0,95","0,95","0,95","0,95","0,95","0,9"
Game,"Fry in pan, breaded","0,98",1,1,1,1,1,"0,95","0,95",1,1,"0,9",1,1,"0,95",1,1,1,1,"0,8","0,85",1,"0,8","0,9","0,8","0,82",1,1,"0,9","0,9","0,9","0,9","0,95","0,95","0,9",1,1,1,1,1,1,1,"0,95"
Game,"Fry in oven, breaded","0,98",1,1,1,1,1,"0,95","0,95",1,1,"0,9",1,1,"0,95",1,1,1,1,"0,8","0,85",1,"0,8","0,9","0,8","0,8",1,1,"0,9","0,9","0,9","0,9","0,95","0,95","0,9",1,1,1,1,1,1,1,"0,95"
Game,"Deep fry, breaded","0,98",1,1,1,1,1,"0,95","0,95",1,1,"0,9",1,1,"0,95",1,1,1,1,"0,8","0,85",1,"0,8","0,9","0,8","0,8",1,1,"0,9","0,9","0,9","0,9","0,95","0,95","0,9",1,1,1,1,1,1,1,"0,95"
Poultry,"Boiled, - Cooking liquid","0,9","0,55","0,55","0,55","0,55","0,55","0,9","0,9",1,"0,4","0,4","0,85","0,7","0,7","0,8","0,5",1,1,"0,75","0,55","0,95","0,6","0,5","0,8","0,55","0,55","0,55","0,6","0,5","0,7","0,6","0,7","0,85","0,75","0,9","0,9","0,9","0,9","0,9","0,9","0,9","0,75"
Poultry,"Boiled,+ Cooking liquid",1,"0,98","0,98","0,98","0,98","0,98",1,1,1,1,1,1,1,1,1,1,"0,9",1,"0,8","0,7",1,"0,8","0,7","0,8","0,8",1,1,"0,8","0,7","0,7","0,8","0,9","0,93","0,8",1,1,1,1,1,1,1,"0,85"
Poultry,"Steamed, - Cooking liquid","0,9","0,55","0,55","0,55","0,55","0,55","0,9","0,9",1,"0,4","0,4","0,85","0,7","0,7","0,8","0,5","0,9",1,"0,75","0,55","0,95","0,6","0,5","0,8","0,55","0,55","0,55","0,6","0,5","0,7","0,6","0,7","0,85","0,75","0,9","0,9","0,9","0,9","0,9","0,9","0,9","0,75"
Poultry,"Steamed, + Cooking liquid",1,"0,98","0,98","0,98","0,98","0,98",1,1,1,1,1,1,1,1,1,1,1,1,"0,8","0,7",1,"0,8","0,7","0,8","0,8",1,1,"0,8","0,7","0,7","0,8","0,9","0,93","0,8",1,1,1,1,1,1,1,"0,85"
Poultry,"Stew, braise, - Cooking liquid","0,92","0,6","0,6","0,6","0,6","0,6","0,9","0,9",1,"0,4","0,5","0,85","0,7","0,7","0,8","0,5","0,9",1,"0,75","0,55","0,95","0,6","0,5","0,8","0,6","0,6","0,6","0,6","0,5","0,7","0,6","0,7","0,85","0,75","0,9","0,9","0,9","0,9","0,9","0,9","0,9","0,75"
Poultry,"Stew, braise, + Cooking liquid",1,"0,98","0,98","0,98","0,98","0,98",1,1,1,1,1,1,1,1,1,1,1,1,"0,8","0,7",1,"0,8","0,7","0,8","0,8",1,1,"0,8","0,7","0,7","0,8","0,9","0,93","0,8",1,1,1,1,1,1,1,"0,85"
Poultry,"Fry in pan, - Cooking liquid","0,98","0,65","0,65","0,65","0,65","0,65",1,1,1,"0,85","0,9",1,"0,8","0,85","0,95","0,85",1,1,"0,75","0,7",1,"0,55","0,65","0,8","0,75","0,75","0,75","0,8","0,5","0,7","0,8","0,85","0,95","0,95",1,1,1,1,1,1,1,"0,95"
Poultry,"Fry in pan, + Cooking liquid",1,"0,98","0,98","0,98","0,98","0,98",1,1,1,1,1,1,1,1,1,1,1,1,"0,8","0,7",1,"0,8","0,7","0,8","0,8",1,1,"0,8","0,7","0,7","0,8","0,9","0,93","0,8",1,1,1,1,1,1,1,"0,85"
Poultry,"Fry in oven, - Cooking liquid",1,"0,75","0,75","0,75","0,75","0,75",1,1,1,"0,85","0,6",1,"0,8","0,8","0,95","0,6",1,1,"0,75","0,6",1,"0,6","0,65","0,8","0,75","0,8","0,8","0,8","0,6","0,7","0,75","0,85","0,85","0,85",1,1,1,1,1,1,1,"0,85"
Poultry,"Fry in oven, + Cooking liquid",1,"0,98","0,98","0,98","0,98","0,98",1,1,1,1,1,1,1,1,1,1,1,1,"0,8","0,7",1,"0,8","0,7","0,8","0,8",1,1,"0,8","0,7","0,7","0,8","0,9","0,93","0,8",1,1,1,1,1,1,1,"0,85"
Poultry,Deep fry,"0,98","0,75","0,75","0,75","0,75","0,75",1,1,1,"0,85","0,9",1,"0,8","0,85","0,85","0,85",1,1,"0,75","0,55","0,9","0,6","0,65","0,8","0,75",1,1,"0,8","0,5","0,7","0,8","0,85","0,85","0,85",1,1,1,1,1,1,1,"0,85"
Poultry,"Fry in pan, breaded",1,1,1,1,1,1,"0,95","0,95",1,1,"0,98",1,"0,9","0,9",1,"0,9",1,1,"0,75","0,8",1,"0,6","0,8","0,8","0,8",1,1,"0,85","0,7","0,7","0,9","0,95",1,1,1,1,1,1,1,1,1,1
Poultry,"Fry in oven, breaded",1,1,1,1,1,1,"0,95","0,95",1,1,"0,98",1,"0,9","0,9",1,"0,9",1,1,"0,75","0,8",1,"0,8","0,8","0,8",1,1,1,"0,85","0,7","0,7","0,9","0,95",1,1,1,1,1,1,1,1,1,1
Poultry,"Deep fry, breaded",1,1,1,1,1,1,"0,95","0,95",1,1,"0,98",1,"0,9","0,9",1,"0,9",1,1,"0,75","0,75",1,"0,6","0,8","0,8","0,8",1,1,"0,85","0,7","0,7","0,9","0,95",1,1,1,1,1,1,1,1,1,1
Turkey,"Boiled, - Cooking liquid","0,9","0,55","0,55","0,55","0,55","0,55","0,9","0,9",1,"0,4","0,4","0,85","0,7","0,7","0,8","0,5",1,1,"0,75","0,55","0,95","0,6","0,5","0,8","0,55","0,55","0,55","0,6","0,5","0,7","0,6","0,7","0,85","0,75","0,9","0,9","0,9","0,9","0,9","0,9","0,9","0,75"
Turkey,"Boiled,+ Cooking liquid",1,"0,98","0,98","0,98","0,98","0,98",1,1,1,1,1,1,1,1,1,1,"0,9",1,"0,8","0,7",1,"0,8","0,7","0,85","0,8",1,1,"0,8","0,7","0,7","0,8","0,9","0,93","0,8",1,1,1,1,1,1,1,"0,85"
Turkey,"Steamed, - Cooking liquid","0,9","0,55","0,55","0,55","0,55","0,55","0,9","0,9",1,"0,4","0,4","0,85","0,7","0,7","0,8","0,5","0,9",1,"0,75","0,55","0,95","0,6","0,5","0,8","0,55","0,55","0,55","0,6","0,5","0,7","0,6","0,7","0,85","0,75","0,9","0,9","0,9","0,9","0,9","0,9","0,9","0,75"
Turkey,"Steamed, + Cooking liquid",1,"0,98","0,98","0,98","0,98","0,98",1,1,1,1,1,1,1,1,1,1,1,1,"0,8","0,7",1,"0,8","0,7","0,85","0,8",1,1,"0,8","0,7","0,7","0,8","0,9","0,93","0,8",1,1,1,1,1,1,1,"0,85"
Turkey,"Stew, braise, - Cooking liquid","0,92","0,6","0,6","0,6","0,6","0,6","0,9","0,9",1,"0,4","0,5","0,85","0,7","0,7","0,8","0,5","0,9",1,"0,75","0,55","0,95","0,6","0,5","0,8","0,6","0,6","0,6","0,6","0,5","0,7","0,6","0,7","0,85","0,75","0,9","0,9","0,9","0,9","0,9","0,9","0,9","0,75"
Turkey,"Stew, braise, + Cooking liquid",1,"0,98","0,98","0,98","0,98","0,98",1,1,1,1,1,1,1,1,1,1,1,1,"0,8","0,7",1,"0,8","0,7","0,85","0,8",1,1,"0,8","0,6","0,7","0,8","0,9","0,93","0,8",1,1,1,1,1,1,1,"0,85"
Turkey,"Fry in pan, - Cooking liquid","0,98","0,75","0,75","0,75","0,75","0,75",1,1,1,"0,85","0,9",1,"0,8","0,85","0,95","0,85",1,1,"0,75","0,7",1,"0,55","0,65","0,8","0,75","0,75","0,75","0,8","0,5","0,7","0,8","0,85","0,95","0,95",1,1,1,1,1,1,1,"0,95"
Turkey,"Fry in pan, + Cooking liquid",1,"0,98","0,98","0,98","0,98","0,98",1,1,1,1,1,1,1,1,1,1,1,1,"0,8","0,7",1,"0,8","0,7","0,85","0,8",1,1,"0,8","0,6","0,7","0,8","0,9","0,93","0,8",1,1,1,1,1,1,1,"0,85"
Turkey,"Fry in oven, - Cooking liquid","1,1","0,75","0,75","0,75","0,75","0,75",1,1,1,"0,85","0,6",1,"0,8","0,8","0,95","0,6",1,1,"0,75","0,6",1,"0,7","0,65","0,8","0,75","0,8","0,8","0,8","0,6","0,7","0,75","0,85","0,85","0,85",1,1,1,1,1,1,1,"0,85"
Turkey,"Fry in oven, + Cooking liquid",1,"0,98","0,98","0,98","0,98","0,98",1,1,1,1,1,1,1,1,1,1,1,1,"0,8","0,7",1,"0,8","0,7","0,85","0,8",1,1,"0,8","0,6","0,7","0,8","0,9","0,93","0,8",1,1,1,1,1,1,1,"0,85"
Turkey,Deep fry,"0,98",1,1,1,1,1,1,1,1,"0,85","0,9",1,"0,8","0,85","0,95","0,85",1,1,"0,75","0,55","0,9","0,6","0,65","0,8","0,75",1,1,"0,8","0,5","0,7","0,8","0,85","0,85","0,85",1,1,1,1,1,1,1,"0,85"
Turkey,"Fry in pan, breaded","0,98",1,1,1,1,1,"0,95","0,95",1,1,"0,98",1,1,"0,9",1,"0,9",1,1,"0,75","0,8",1,"0,65","0,9","0,8","0,8",1,1,"0,9","0,6","0,7","0,8","0,9",1,1,1,1,1,1,1,1,1,1
Turkey,"Fry in oven, breaded","0,98",1,1,1,1,1,"0,95","0,95",1,1,"0,98",1,1,"0,9",1,"0,9",1,1,"0,75","0,8",1,"0,65","0,9","0,8","0,8",1,1,"0,9","0,6","0,7","0,8","0,9",1,1,1,1,1,1,1,1,1,1
Turkey,"Deep fry, breaded","0,98",1,1,1,1,1,"0,95","0,95",1,1,"0,98",1,1,"0,9",1,"0,9",1,1,"0,75","0,7",1,"0,65","0,9","0,8","0,8",1,1,"0,9","0,6","0,7","0,8","0,9",1,1,1,1,1,1,1,1,1,1
Low fat fish,"Boiled, - Cooking liquid","0,75","0,9","0,9","0,9","0,9","0,9",1,1,1,"0,85","0,75",1,"0,85","0,85","0,8","0,9",1,"0,9","0,8","0,75","0,7","0,7","0,8","0,8","0,9",1,1,"0,7","0,7",1,"0,7","0,8","0,95","0,95","0,95","0,95","0,95","0,95","0,95","0,95","0,95","0,95"
Low fat fish,"Boiled,+ Cooking liquid",1,1,1,1,1,1,1,1,1,1,1,1,1,1,1,1,1,1,"0,9","0,85",1,"0,85","0,9","0,85","0,9",1,1,"0,95","0,85",1,"0,85","0,9",1,1,1,1,1,1,1,1,1,1
Low fat fish,"Steamed, - Cooking liquid","0,75","0,9","0,9","0,9","0,9","0,9",1,1,1,"0,85","0,75",1,"0,85","0,85","0,8","0,9",1,"0,9","0,8","0,75","0,7","0,7","0,8","0,8","0,9",1,1,"0,7","0,7",1,"0,7","0,8","0,95","0,95","0,95","0,95","0,95","0,95","0,95","0,95","0,95","0,95"
Low fat fish,"Steamed, + Cooking liquid",1,1,1,1,1,1,1,1,1,1,1,1,1,1,1,1,1,1,"0,9","0,85",1,"0,85","0,9","0,85","0,9",1,1,"0,95","0,85",1,"0,85","0,9",1,1,1,1,1,1,1,1,1,1
Low fat fish,"Stew, braise, - Cooking liquid","0,75","0,9","0,9","0,9","0,9","0,9",1,1,1,"0,85","0,75",1,"0,85","0,85","0,8","0,9",1,"0,9","0,8","0,75","0,7","0,7","0,8","0,8","0,9",1,1,"0,7","0,7",1,"0,7","0,8","0,95","0,95","0,95","0,95","0,95","0,95","0,95","0,95","0,95","0,95"
Low fat fish,"Stew, braise, + Cooking liquid",1,1,1,1,1,1,1,1,1,1,1,1,1,1,1,1,1,1,"0,9","0,85",1,"0,85","0,9","0,85","0,9",1,1,"0,95","0,85",1,"0,85","0,9",1,1,1,1,1,1,1,1,1,1
Low fat fish,"Fry in pan, - Cooking liquid","0,95","0,95","0,95","0,95","0,95","0,95",1,1,1,"0,85","0,85",1,"0,9","0,9","0,85","0,95",1,1,"0,8","0,8","0,9","0,8","0,9","0,8","0,9",1,1,"0,9","0,8",1,"0,8","0,85","0,95","0,95","0,95","0,95","0,95","0,95","0,95","0,95","0,95","0,95"
Low fat fish,"Fry in pan, + Cooking liquid",1,1,1,1,1,1,1,1,1,1,1,1,1,1,1,1,1,1,"0,9","0,85",1,"0,85","0,9","0,85","0,9",1,1,"0,95","0,85",1,"0,85","0,9",1,1,1,1,1,1,1,1,1,1
Low fat fish,"Fry in oven, - Cooking liquid","0,95","0,95","0,95","0,95","0,95","0,95",1,1,1,"0,85","0,85",1,"0,9","0,9","0,85","0,95",1,1,"0,8","0,8","0,9","0,8","0,9","0,8","0,9",1,1,"0,9","0,8",1,"0,8","0,85","0,95","0,95","0,95","0,95","0,95","0,95","0,95","0,95","0,95","0,95"
Low fat fish,"Fry in oven, + Cooking liquid",1,1,1,1,1,1,1,1,1,1,1,1,1,1,1,1,1,1,"0,9","0,85",1,"0,85","0,9","0,85","0,9",1,1,"0,95","0,85",1,"0,85","0,9",1,1,1,1,1,1,1,1,1,1
Low fat fish,Deep fry,"0,95","0,95","0,95","0,95","0,95","0,95",1,1,1,"0,85","0,85",1,"0,9","0,9","0,85","0,95",1,1,"0,8","0,8","0,9","0,8","0,9","0,8","0,9",1,1,"0,9","0,8",1,"0,8","0,85","0,95","0,95","0,95","0,95","0,95","0,95","0,95","0,95","0,95","0,95"
Low fat fish,"Fry in pan, breaded",1,1,1,1,1,1,1,1,1,1,1,1,1,1,1,1,1,1,"0,9","0,85",1,"0,85","0,9","0,85","0,9",1,1,1,"0,8",1,"0,85","0,9",1,1,1,1,1,1,1,1,1,1
Low fat fish,"Fry in oven, breaded",1,1,1,1,1,1,1,1,1,1,1,1,1,1,1,1,1,1,"0,9","0,85",1,"0,85","0,9","0,85","0,9",1,1,1,"0,8",1,"0,85","0,9",1,1,1,1,1,1,1,1,1,1
Low fat fish,"Deep fry, breaded",1,1,1,1,1,1,1,1,1,1,1,1,1,1,1,1,1,1,"0,9","0,85",1,"0,85","0,9","0,85","0,9",1,1,1,"0,8",1,"0,85","0,9",1,1,1,1,1,1,1,1,1,1
Low fat fish,"Frozen, fried",1,1,1,1,1,1,1,1,1,1,1,1,1,1,1,1,1,1,"0,9","0,9","0,95","0,95","0,95","0,9","0,9",1,1,1,"0,95",1,"0,85","0,9",1,1,1,1,1,1,1,1,1,1
Low fat fish,"Frozen, heated",1,1,1,1,1,1,1,1,1,1,1,1,1,1,1,1,1,1,"0,9","0,9",1,"0,95","0,95","0,9","0,9",1,1,1,"0,95",1,"0,85","0,9",1,1,1,1,1,1,1,1,1,1
Fat fish,"Boiled, - Cooking liquid","0,75","0,7","0,7","0,7","0,7","0,7",1,1,1,"0,85","0,75",1,"0,85","0,85","0,8","0,9",1,"0,9","0,85","0,75","0,7","0,7","0,8","0,8","0,7","0,7","0,7","0,7","0,7",1,"0,7","0,8","0,95","0,95","0,95","0,95","0,95","0,95","0,95","0,95","0,95","0,95"
Fat fish,"Boiled,+ Cooking liquid",1,1,1,1,1,1,1,1,1,1,1,1,1,1,1,1,1,1,"0,95","0,85",1,"0,85","0,9","0,85","0,9",1,1,"0,95","0,85",1,"0,85","0,9",1,1,1,1,1,1,1,1,1,1
Fat fish,"Steamed, - Cooking liquid","0,75","0,7","0,7","0,7","0,7","0,7",1,1,1,"0,85","0,75",1,"0,85","0,85","0,8","0,9",1,"0,9","0,85","0,75","0,7","0,7","0,8","0,8","0,7","0,7","0,7","0,7","0,7",1,"0,7","0,8","0,95","0,95","0,95","0,95","0,95","0,95","0,95","0,95","0,95","0,95"
Fat fish,"Steamed, + Cooking liquid",1,1,1,1,1,1,1,1,1,1,1,1,1,1,1,1,1,1,"0,95","0,85",1,"0,85","0,9","0,85","0,9",1,1,"0,95","0,85",1,"0,85","0,9",1,1,1,1,1,1,1,1,1,1
Fat fish,"Stew, braise, - Cooking liquid","0,75","0,7","0,7","0,7","0,7","0,7",1,1,1,"0,85","0,75",1,"0,85","0,85","0,8","0,9",1,"0,9","0,85","0,75","0,7","0,7","0,8","0,8","0,7","0,7","0,7","0,7","0,7",1,"0,7","0,8","0,95","0,95","0,95","0,95","0,95","0,95","0,95","0,95","0,95","0,95"
Fat fish,"Stew, braise, + Cooking liquid",1,1,1,1,1,1,1,1,1,1,1,1,1,1,1,1,1,1,"0,95","0,85",1,"0,85","0,9","0,85","0,85",1,1,"0,95","0,85",1,"0,85","0,9",1,1,1,1,1,1,1,1,1,1
Fat fish,"Fry in pan, - Cooking liquid","0,95","0,8","0,8","0,8","0,8","0,8",1,1,1,"0,85","0,85",1,"0,9","0,9","0,85","0,95",1,1,"0,85","0,8","0,9","0,8","0,9","0,8","0,8","0,8","0,8","0,9","0,8",1,"0,8","0,85","0,95","0,95","0,95","0,95","0,95","0,95","0,95","0,95","0,95","0,95"
Fat fish,"Fry in pan, + Cooking liquid",1,1,1,1,1,1,1,1,1,1,1,1,1,1,1,1,1,1,"0,95","0,85",1,"0,85","0,9","0,85","0,85",1,1,"0,95","0,85",1,"0,85","0,9",1,1,1,1,1,1,1,1,1,1
Fat fish,"Fry in oven, - Cooking liquid","0,95","0,8","0,8","0,8","0,8","0,8",1,1,1,"0,85","0,85",1,"0,9","0,9","0,85","0,95",1,1,"0,85","0,8","0,9","0,8","0,9","0,8","0,8","0,8","0,8","0,9","0,8",1,"0,8","0,85","0,95","0,95","0,95","0,95","0,95","0,95","0,95","0,95","0,95","0,95"
Fat fish,"Fry in oven, + Cooking liquid",1,1,1,1,1,1,1,1,1,1,1,1,1,1,1,1,1,1,"0,95","0,85",1,"0,85","0,9","0,85","0,85",1,1,"0,95","0,85",1,"0,85","0,9",1,1,1,1,1,1,1,1,1,1
Fat fish,Deep fry,"0,95",1,1,1,1,1,1,1,1,"0,85","0,85",1,"0,9","0,9","0,85","0,95",1,1,"0,85","0,8","0,9","0,8","0,9","0,8","0,8","0,8","0,8","0,9","0,8",1,"0,8","0,85","0,95","0,95","0,95","0,95","0,95","0,95","0,95","0,95","0,95","0,95"
Fat fish,"Fry in pan, breaded",1,1,1,1,1,1,1,1,1,1,1,1,1,1,1,1,1,1,"0,85","0,85",1,"0,85","0,9","0,85","0,85",1,1,1,"0,8",1,"0,85","0,9",1,1,1,1,1,1,1,1,1,1
Fat fish,"Fry in oven, breaded",1,1,1,1,1,1,1,1,1,1,1,1,1,1,1,1,1,1,"0,85","0,85",1,"0,85","0,9","0,85","0,85",1,1,1,"0,8",1,"0,85","0,9",1,1,1,1,1,1,1,1,1,1
Fat fish,"Deep fry, breaded",1,1,1,1,1,1,1,1,1,1,1,1,1,1,1,1,1,1,"0,85","0,85",1,"0,85","0,9","0,85","0,85",1,1,1,"0,8",1,"0,85","0,9",1,1,1,1,1,1,1,1,1,1
Fat fish,"Frozen, fried","0,95",1,1,1,1,1,1,1,1,1,1,1,1,1,1,1,1,1,"0,9","0,9","0,95","0,95","0,95","0,9","0,9",1,1,1,"0,95",1,"0,85","0,9",1,1,1,1,1,1,1,1,1,1
Fat fish,"Frozen, heated","0,95",1,1,1,1,1,1,1,1,1,1,1,1,1,1,1,1,1,"0,9","0,9",1,"0,95","0,95","0,9","0,9",1,1,1,"0,95",1,"0,85","0,9",1,1,1,1,1,1,1,1,1,1
"Crab, mussels, squid","Boiled, - Cooking liquid","0,75",1,1,1,1,1,1,1,1,"0,85","0,75",1,"0,85","0,85","0,8","0,9",1,"0,9","0,9","0,75","0,7","0,7","0,8","0,8","0,9",1,1,"0,7","0,7",1,"0,7","0,8","0,95","0,95","0,95","0,95","0,95","0,95","0,95","0,95","0,95","0,95"
"Crab, mussels, squid","Boiled,+ Cooking liquid",1,1,1,1,1,1,1,1,1,1,1,1,1,1,1,1,1,1,"0,9","0,85",1,"0,85","0,9","0,85","0,9",1,1,"0,95","0,85",1,"0,85","0,9",1,1,1,1,1,1,1,1,1,1
"Crab, mussels, squid","Steamed, - Cooking liquid","0,75",1,1,1,1,1,1,1,1,"0,85","0,75",1,"0,85","0,85","0,8","0,9",1,"0,9","0,9","0,75","0,7","0,7","0,8","0,8","0,9",1,1,"0,7","0,7",1,"0,7","0,8","0,95","0,95",,,,,,,,
"Crab, mussels, squid","Steamed, + Cooking liquid",1,1,1,1,1,1,1,1,1,1,1,1,1,1,1,1,1,"0,9","0,9","0,85",1,"0,85","0,9","0,85","0,9",1,1,"0,95","0,85",1,"0,85","0,9",1,1,1,1,1,1,1,1,1,1
"Crab, mussels, squid","Stew, braise, - Cooking liquid","0,75",1,1,1,1,1,1,1,1,"0,85","0,75",1,"0,85","0,85","0,8","0,9",1,1,"0,9","0,75","0,7","0,7","0,8","0,8","0,9",1,1,"0,7","0,7",1,"0,7","0,8","0,95","0,95",,,,,,,,
"Crab, mussels, squid","Stew, braise, + Cooking liquid",1,1,1,1,1,1,1,1,1,1,1,1,1,1,1,1,1,1,"0,9","0,85",1,"0,85","0,9","0,85","0,9",1,1,"0,95","0,85",1,"0,85","0,9",1,1,1,1,1,1,1,1,1,1
"Crab, mussels, squid","Fry in pan, - Cooking liquid","0,95",1,1,1,1,1,1,1,1,"0,85","0,85",1,"0,9","0,9","0,85","0,95",1,1,"0,9","0,8","0,9","0,8","0,9","0,8","0,9",1,1,"0,9","0,8",1,"0,8","0,85","0,95","0,95","0,95","0,95","0,95","0,95","0,95","0,95","0,95","0,95"
"Crab, mussels, squid","Fry in pan, + Cooking liquid",1,1,1,1,1,1,1,1,1,1,1,1,1,1,1,1,1,1,"0,9","0,85",1,"0,85","0,9","0,85","0,9",1,1,"0,95","0,85",1,"0,85","0,9",1,1,1,1,1,1,1,1,1,1
"Crab, mussels, squid","Fry in oven, - Cooking liquid","0,95",1,1,1,1,1,1,1,1,"0,85","0,85",1,"0,9","0,9","0,85","0,95",1,1,"0,9","0,8","0,9","0,8","0,9","0,8","0,9",1,1,"0,9","0,8",1,"0,8","0,85","0,95","0,95","0,95","0,95","0,95","0,95","0,95","0,95","0,95","0,95"
"Crab, mussels, squid","Fry in oven, + Cooking liquid",1,1,1,1,1,1,1,1,1,1,1,1,1,1,1,1,1,1,"0,9","0,85",1,"0,85","0,9","0,85","0,9",1,1,"0,95","0,85",1,"0,85","0,9",1,1,1,1,1,1,1,1,1,1
"Crab, mussels, squid",Deep fry,"0,95",1,1,1,1,1,1,1,1,"0,85","0,85",1,"0,9","0,9","0,85","0,95",1,1,"0,9","0,8","0,9","0,8","0,9","0,8","0,9",1,1,"0,9","0,8",1,"0,8","0,85","0,95","0,95","0,95","0,95","0,95","0,95","0,95","0,95","0,95","0,95"
"Crab, mussels, squid","Fry in pan, breaded",1,1,1,1,1,1,1,1,1,1,1,1,1,1,1,1,1,1,"0,9","0,85",1,"0,85","0,9","0,85","0,85",1,1,1,"0,8",1,"0,85","0,9",1,1,1,1,1,1,1,1,1,1
"Crab, mussels, squid","Fry in oven, breaded",1,1,1,1,1,1,1,1,1,1,1,1,1,1,1,1,1,1,"0,9","0,85",1,"0,85","0,9","0,85","0,85",1,1,1,"0,8",1,"0,85","0,9",1,1,1,1,1,1,1,1,1,1
"Crab, mussels, squid","Deep fry, breaded",1,1,1,1,1,1,1,1,1,1,1,1,1,1,1,1,1,1,"0,9","0,85",1,"0,85","0,9","0,85","0,85",1,1,1,"0,8",1,"0,85","0,9",1,1,1,1,1,1,1,1,1,1
"Crab, mussels, squid",Steamed,1,1,1,1,1,1,1,1,1,1,"0,9",1,1,"0,75","0,9","0,85",1,1,"0,9","0,95","0,95","0,95","0,9","0,8","0,9",1,1,"0,9","0,75",1,"0,8","0,85",1,1,1,1,1,1,1,1,1,1
"Root, tuber and bulb vegetables","Boiled, - Cooking liquid","0,9","0,9","0,9","0,9","0,9","0,9","0,9","0,9","0,93","0,55","0,45","0,95","0,6","0,9","0,75","0,95","0,75","0,9","0,9","0,7","0,7","0,7","0,6","0,4",1,1,1,"0,7","0,5",1,"0,6","0,7","0,9","0,9","0,9","0,9","0,9","0,9","0,9","0,9","0,9","0,9"
"Root, tuber and bulb vegetables","Boiled,+ Cooking liquid",1,1,1,1,1,1,1,1,1,1,1,1,1,1,1,1,1,1,"0,9","0,9","0,95","0,9","0,7","0,85",1,1,1,"0,95","0,7",1,"0,9","0,9",1,1,1,1,1,1,1,1,1,1
"Root, tuber and bulb vegetables","Steamed, - Cooking liquid","0,95","0,95","0,95","0,95","0,95","0,95","0,95","0,95","0,94","0,8","0,85","0,95","0,85","0,95","0,85",1,"0,9","0,95","0,9","0,8","0,9","0,85","0,6","0,8",1,1,1,"0,8","0,6",1,"0,85","0,85","0,95","0,95","0,95","0,95","0,95","0,95","0,95","0,95","0,95","0,95"
"Root, tuber and bulb vegetables","Steamed, + Cooking liquid",1,1,1,1,1,1,1,1,1,1,1,1,1,1,1,1,1,1,"0,9","0,9","0,95","0,9","0,7","0,85",1,1,1,"0,95","0,7",1,"0,9","0,9",1,1,1,1,1,1,1,1,1,1
"Root, tuber and bulb vegetables","Stew, + Cooking liquid",1,1,1,1,1,1,1,1,1,1,1,1,1,1,1,1,1,1,"0,9","0,9","0,95","0,9","0,7","0,85",1,1,1,"0,95","0,7",1,"0,9","0,9",1,1,1,1,1,1,1,1,1,1
"Root, tuber and bulb vegetables","Fry in pan, - Cooking liquid","0,95",1,1,1,1,1,1,1,1,1,1,1,1,1,1,1,1,1,"0,9","0,9","0,95","0,9","0,9","0,85",1,1,1,"0,95","0,7",1,"0,9","0,9",1,1,1,1,1,1,1,1,1,1
"Root, tuber and bulb vegetables","Fry in pan, + Cooking liquid",1,1,1,1,1,1,1,1,1,1,1,1,1,1,1,1,1,1,"0,9","0,9","0,95","0,9","0,7","0,85",1,1,1,"0,95","0,7",1,"0,9","0,9",1,1,1,1,1,1,1,1,1,1
"Root, tuber and bulb vegetables","Bake in oven, + Cooking liquid",1,1,1,1,1,1,1,1,1,1,1,1,1,1,1,1,1,1,"0,9","0,9","0,95","0,9","0,7","0,85",1,1,1,"0,95","0,7",1,"0,9","0,9",1,1,1,1,1,1,1,1,1,1
"Root, tuber and bulb vegetables",Deep fry,"0,95",1,1,1,1,1,1,1,1,1,1,1,1,1,1,1,1,1,"0,9","0,9","0,95","0,9","0,9","0,85",1,1,1,"0,95","0,7",1,"0,85","0,85",1,1,1,1,1,1,1,1,1,1
"Root, tuber and bulb vegetables","Fry in pan, breaded",1,1,1,1,1,1,1,1,1,1,1,1,1,1,1,1,1,1,"0,9","0,9","0,95","0,95","0,95","0,9",1,1,1,"0,95","0,7",1,"0,9","0,9",1,1,1,1,1,1,1,1,1,1
"Root, tuber and bulb vegetables","Fry in oven, breaded",1,1,1,1,1,1,1,1,1,1,1,1,1,1,1,1,1,1,"0,9","0,9","0,95","0,95","0,95","0,9",1,1,1,"0,95","0,7",1,"0,9","0,9",1,1,1,1,1,1,1,1,1,1
"Root, tuber and bulb vegetables",Steamed,1,1,1,1,1,1,1,1,1,1,1,1,1,1,1,1,1,1,"0,9","0,9","0,95","0,95",1,"0,75",1,1,1,"0,95","0,8",1,"0,9","0,9",1,1,1,1,1,1,1,1,1,1
"Stem, flower, fruit, corn and seed vegetables","Boiled, - Cooking liquid","0,9","0,9","0,9","0,9","0,9","0,9","0,9","0,9","0,93","0,75","0,5","0,95","0,6","0,9","0,75","0,95","0,75","0,9","0,9","0,65","0,65","0,65","0,7","0,65",1,1,"0,9","0,65","0,5",1,"0,7","0,7","0,9","0,9","0,9","0,9","0,9","0,9","0,9","0,9","0,9","0,9"
"Stem, flower, fruit, corn and seed vegetables","Boiled,+ Cooking liquid",1,1,1,1,1,1,1,1,1,1,1,1,1,1,1,1,1,1,"0,95","0,8","0,95","0,9","0,8","0,85",1,1,1,"0,95","0,7",1,"0,9","0,9",1,1,1,1,1,1,1,1,1,1
"Stem, flower, fruit, corn and seed vegetables","Steamed, - Cooking liquid","0,95","0,95","0,95","0,95","0,95","0,95","0,95","0,95","0,94","0,85","0,85","0,95","0,9","0,95","0,8",1,"0,9","0,95","0,9","0,8","0,9","0,85","0,7","0,75",1,1,"0,9","0,8","0,6",1,"0,85","0,85","0,95","0,95","0,95","0,95","0,95","0,95","0,95","0,95","0,95","0,95"
"Stem, flower, fruit, corn and seed vegetables","Steamed, + Cooking liquid",1,1,1,1,1,1,1,1,1,1,1,1,1,1,1,1,1,1,"0,95","0,8","0,95","0,9","0,8","0,85",1,1,1,"0,95","0,7",1,"0,9","0,9",1,1,1,1,1,1,1,1,1,1
"Stem, flower, fruit, corn and seed vegetables","Stew, + Cooking liquid",1,1,1,1,1,1,1,1,1,1,1,1,1,1,1,1,1,1,"0,95","0,8","0,95","0,9","0,8","0,85",1,1,1,"0,95","0,7",1,"0,9","0,9",1,1,1,1,1,1,1,1,1,1
"Stem, flower, fruit, corn and seed vegetables","Fry in pan, - Cooking liquid","0,95",1,1,1,1,1,1,1,1,1,"0,9",1,1,1,1,1,1,1,"0,9","0,9","0,95","0,9","0,8","0,8",1,1,1,"0,95","0,7","0,9","0,9","0,9",1,1,1,1,1,1,1,1,1,1
"Stem, flower, fruit, corn and seed vegetables","Fry in pan, + Cooking liquid",1,1,1,1,1,1,1,1,1,1,1,1,1,1,1,1,1,1,"0,95","0,8","0,95","0,9","0,8","0,85",1,1,1,"0,95","0,7",1,"0,9","0,9",1,1,1,1,1,1,1,1,1,1
"Stem, flower, fruit, corn and seed vegetables","Bake in oven, + Cooking liquid",1,1,1,1,1,1,1,1,1,1,1,1,1,1,1,1,1,1,"0,95","0,8","0,95","0,9","0,8","0,85",1,1,1,"0,95","0,7",1,"0,9","0,9",1,1,1,1,1,1,1,1,1,1
"Stem, flower, fruit, corn and seed vegetables",Deep fry,"0,95",1,1,1,1,1,1,1,1,1,1,1,1,1,1,1,1,1,"0,9","0,9","0,95","0,9","0,8","0,8",1,1,1,"0,95","0,7","0,9","0,85","0,85",1,1,1,1,1,1,1,1,1,1
"Stem, flower, fruit, corn and seed vegetables","Fry in pan, breaded",1,1,1,1,1,1,1,1,1,1,1,1,1,1,1,1,1,1,"0,9","0,9","0,95","0,95","0,7","0,9",1,1,1,"0,95","0,7","0,9","0,9","0,9",1,1,1,1,1,1,1,1,1,1
"Stem, flower, fruit, corn and seed vegetables","Deep fry, breaded",1,1,1,1,1,1,1,1,1,1,1,1,1,1,1,1,1,1,"0,9","0,9","0,95","0,95","0,8","0,9",1,1,1,"0,95","0,7","0,9","0,9","0,9",1,1,1,1,1,1,1,1,1,1
Leafy vegetables,"Boiled, - Cooking liquid","0,9","0,9","0,9","0,9","0,9","0,9","0,9","0,9","0,93","0,75","0,5","0,95","0,6","0,9","0,75","0,95","0,75","0,9","0,9","0,65","0,65","0,65","0,6","0,4",1,1,1,"0,65","0,5",1,"0,7","0,7","0,9","0,9","0,9","0,9","0,9","0,9","0,9","0,9","0,9","0,9"
Leafy vegetables,"Boiled,+ Cooking liquid",1,1,1,1,1,1,1,1,1,1,1,1,1,1,1,1,1,1,"0,9","0,8","0,95","0,9","0,7","0,55",1,1,1,"0,95","0,7",1,"0,9","0,9",1,1,1,1,1,1,1,1,1,1
Leafy vegetables,"Steamed, - Cooking liquid","0,95","0,95","0,95","0,95","0,95","0,95","0,95","0,95","0,94","0,85","0,85","0,95","0,9","0,95","0,8",1,"0,9","0,95","0,9","0,8","0,9","0,85","0,6","0,55",1,1,1,"0,8","0,6",1,"0,85","0,85","0,95","0,95","0,95","0,95","0,95","0,95","0,95","0,95","0,95","0,95"
Leafy vegetables,"Steamed, + Cooking liquid",1,1,1,1,1,1,1,1,1,1,1,1,1,1,1,1,1,1,"0,9","0,9","0,95","0,9","0,7","0,6",1,1,1,"0,95","0,7",1,"0,9","0,9",1,1,1,1,1,1,1,1,1,1
Leafy vegetables,"Stew, + Cooking liquid",1,1,1,1,1,1,1,1,1,1,1,1,1,1,1,1,1,1,"0,9","0,9","0,95","0,9","0,7","0,6",1,1,1,"0,95","0,7",1,"0,9","0,9",1,1,1,1,1,1,1,1,1,1
Leafy vegetables,"Bake in oven, + Cooking liquid",1,1,1,1,1,1,1,1,1,1,1,1,1,1,1,1,1,1,"0,9","0,9","0,95","0,9","0,7","0,6",1,1,1,"0,95","0,7",1,"0,9","0,9",1,1,1,1,1,1,1,1,1,1
Potato,"Boiled, with peel, - Cooking liquid",1,1,1,1,1,1,1,1,1,"0,6","0,9","0,95","0,95","0,95","0,95","0,95","0,95","0,95",1,"0,8","0,8","0,85",1,"0,8",1,1,1,"0,95","0,9",1,"0,9","0,9",1,1,1,1,1,1,1,1,1,1
Potato,"Boiled, without peel, - Cooking liquid","0,95","0,9","0,9","0,9","0,9","0,9","0,9","0,9","0,93","0,8","0,8","0,95","0,9","0,95","0,9","0,9","0,9","0,9","0,9","0,75","0,85","0,7","0,7","0,7",1,1,1,"0,7","0,5",1,"0,7","0,7",1,1,1,1,1,1,1,1,1,1
Potato,"Boiled, + Cooking liquid",1,1,1,1,1,1,1,1,1,1,1,1,1,1,1,1,1,1,1,"0,9","0,95","0,95","0,9","0,85",1,1,1,"0,9","0,75",1,"0,9","0,9",1,1,1,1,1,1,1,1,1,1
Potato,"Steamed, with peel",1,1,1,1,1,1,1,1,1,"0,65","0,95",1,"0,95",1,"0,95",1,1,1,1,"0,85","0,9","0,9",1,"0,8",1,1,1,"0,95","0,9",1,"0,9","0,9",1,1,1,1,1,1,1,1,1,1
Potato,"Steamed, without peel","0,95","0,95","0,95","0,95","0,95","0,95","0,95","0,95","0,94","0,9","0,85","0,95","0,95","0,95","0,95","0,95","0,95","0,95","0,9","0,85","0,95","0,85","0,8","0,8",1,1,1,"0,9","0,6",1,"0,85","0,85",1,1,1,1,1,1,1,1,1,1
Potato,"Stewed, + Cooking liquid",1,1,1,1,1,1,1,1,1,1,1,1,1,1,1,1,1,1,"0,9","0,9","0,95","0,9","0,8","0,85",1,1,1,"0,95","0,75",1,"0,9","0,9",1,1,1,1,1,1,1,1,1,1
Potato,"Fry in pan, + Cooking liquid",1,1,1,1,1,1,1,1,1,1,1,1,1,1,1,1,1,1,"0,9","0,9","0,95","0,9","0,8","0,8",1,1,1,"0,95","0,75",1,"0,9","0,9",1,1,1,1,1,1,1,1,1,1
Potato,"Bake in oven, + Cooking liquid",1,1,1,1,1,1,1,1,1,1,1,1,1,1,1,1,1,1,"0,9","0,8",1,"0,9","0,8","0,85",1,1,1,"0,9","0,75",1,"0,9","0,9",1,1,1,1,1,1,1,1,1,1
Potato,Deep fry,1,1,1,1,1,1,1,1,1,1,1,1,1,1,1,1,1,1,"0,9","0,8",1,"0,9","0,8","0,9",1,1,1,"0,95","0,75",1,"0,9","0,9",1,1,1,1,1,1,1,1,1,1
Potato products,"Boiled, - Cooking liquid","0,95","0,95","0,95","0,95","0,95","0,95","0,9","0,9",1,"0,8","0,8","0,95","0,9","0,9","0,95","0,9","0,9","0,9",1,"0,8","0,9","0,8","0,8","0,7",1,1,1,"0,8","0,75",1,"0,8","0,8",1,1,1,1,1,1,1,1,1,1
Potato products,"Boiled,+ Cooking liquid",1,1,1,1,1,1,1,1,1,1,1,1,1,1,1,1,1,1,1,"0,9","0,95","0,9","0,9","0,95",1,1,1,"0,9","0,8",1,"0,9","0,9",1,1,1,1,1,1,1,1,1,1
Potato products,"Stewed, + Cooking liquid",1,1,1,1,1,1,1,1,1,1,1,1,1,1,1,1,1,1,1,"0,9","0,95","0,9","0,7","0,9",1,1,1,"0,95","0,7",1,"0,9","0,9",1,1,1,1,1,1,1,1,1,1
Potato products,"Fry in pan, - Cooking liquid",1,1,1,1,1,1,1,1,1,1,1,1,1,1,1,1,1,1,1,"0,9","0,95","0,95","0,8","0,95",1,1,1,"0,95","0,8",1,"0,9","0,9",1,1,1,1,1,1,1,1,1,1
Potato products,"Fry in oven, - Cooking liquid",1,1,1,1,1,1,1,1,1,1,1,1,1,1,1,1,1,1,1,"0,9","0,95","0,9","0,9","0,95",1,1,1,"0,95","0,8",1,"0,9","0,9",1,1,1,1,1,1,1,1,1,1
Potato products,Deep fry,1,1,1,1,1,1,1,1,1,1,1,1,1,1,1,1,1,1,1,"0,85","0,95","0,95","0,9","0,95","0,9",1,1,"0,95","0,8",1,"0,9","0,9",1,1,1,1,1,1,1,1,1,1
Mushrooms,"Boiled, - Cooking liquid","0,9","0,9","0,9","0,9","0,9","0,9","0,9","0,9",1,"0,75","0,5","0,95","0,6","0,9","0,75","0,95","0,75","0,9",1,"0,65","0,65","0,65","0,7","0,65",1,1,1,"0,65","0,5",1,"0,7","0,7","0,9","0,9","0,9","0,9","0,9","0,9","0,9","0,9","0,9","0,9"
Mushrooms,"Boiled,+ Cooking liquid",1,1,1,1,1,1,1,1,1,1,1,1,1,1,1,1,1,1,1,"0,8","0,95","0,9","0,8","0,85",1,1,1,"0,95","0,7",1,"0,9","0,9",1,1,1,1,1,1,1,1,1,1
Mushrooms,"Steamed, - Cooking liquid","0,95","0,95","0,95","0,95","0,95","0,95","0,95","0,95",1,"0,85","0,85","0,95","0,9","0,95","0,8",1,"0,9","0,95",1,"0,8","0,9","0,85","0,7","0,75",1,"0,9","0,9","0,8","0,6",1,"0,85","0,85","0,95","0,95","0,95","0,95","0,95","0,95","0,95","0,95","0,95","0,95"
Mushrooms,"Steamed, + Cooking liquid",1,1,1,1,1,1,1,1,1,1,1,1,1,1,1,1,1,1,1,"0,9","0,95","0,9","0,8","0,85",1,1,1,"0,95","0,7",1,"0,9","0,9",1,1,1,1,1,1,1,1,1,1
Mushrooms,"Stew, + Cooking liquid",1,1,1,1,1,1,1,1,1,1,1,1,1,1,1,1,1,1,1,"0,9","0,95","0,9","0,7","0,85",1,1,1,"0,95","0,7",1,"0,9","0,9",1,1,1,1,1,1,1,1,1,1
Mushrooms,"Fry in pan, - Cooking liquid","0,95",1,1,1,1,1,1,1,1,1,1,1,1,1,1,1,1,1,1,"0,9","0,95","0,9","0,8","0,85",1,1,1,"0,95","0,7",1,"0,9","0,9",1,1,1,1,1,1,1,1,1,1
Mushrooms,"Fry in pan, + Cooking liquid",1,1,1,1,1,1,1,1,1,1,1,1,1,1,1,1,1,1,1,"0,9","0,95","0,9","0,7","0,85",1,1,1,"0,95","0,7",1,"0,9","0,9",1,1,1,1,1,1,1,1,1,1
Mushrooms,"Bake in oven, + Cooking liquid",1,1,1,1,1,1,1,1,1,1,1,1,1,1,1,1,1,1,1,"0,9","0,95","0,9","0,7","0,85",1,1,1,"0,95","0,7",1,"0,9","0,9",1,1,1,1,1,1,1,1,1,1
Mushrooms,Deep fry,1,1,1,1,1,1,1,1,1,1,1,1,1,1,1,1,1,1,1,"0,9","0,95","0,9","0,8","0,85",1,"0,9",1,"0,95","0,7",1,"0,85","0,85",1,1,1,1,1,1,1,1,1,1
Mushrooms,"Fry in pan, breaded",1,1,1,1,1,1,1,1,1,1,1,1,1,1,1,1,1,1,1,"0,9","0,95","0,95","0,7","0,9",1,1,1,"0,95","0,7",1,"0,9","0,9",1,1,1,1,1,1,1,1,1,1
Mushrooms,"Deep fry, breaded",1,1,1,1,1,1,1,1,1,1,1,1,1,1,1,1,1,1,1,"0,9","0,95","0,95","0,8","0,9",1,"0,9",1,"0,95","0,7",1,"0,9","0,9",1,1,1,1,1,1,1,1,1,1
"Beans, lentils, peas","Boiled, + soaking water, - Cooking liquid","0,98",1,1,1,1,1,"0,95","0,95",1,"0,75","0,75","0,85","0,85","0,9","0,85","0,7","0,9",1,1,"0,65","0,75","0,7",1,"0,6",1,"0,9","0,9","0,65","0,5",1,"0,55","0,85",1,1,1,1,1,1,1,1,1,1
"Beans, lentils, peas","Boiled, + soaking water, + Cooking liquid",1,1,1,1,1,1,1,1,1,1,1,1,1,1,1,1,1,1,1,"0,8",1,"0,8",1,"0,6",1,1,1,"0,8","0,6",1,"0,75","0,95",1,1,1,1,1,1,1,1,1,1
"Beans, lentils, peas","Boiled, - soaking water, - Cooking liquid","0,98",1,1,1,1,1,"0,95","0,95",1,"0,75","0,75","0,85","0,85","0,9","0,85","0,7","0,9",1,1,"0,65","0,75","0,7",1,"0,6",1,"0,9","0,9","0,65","0,5",1,"0,55","0,85",1,1,1,1,1,1,1,1,1,1
"Beans, lentils, peas","Boiled, - soaking water, + Cooking liquid",1,1,1,1,1,1,1,1,1,"0,9","0,9",1,1,1,1,1,1,1,1,"0,75",1,"0,7",1,"0,6",1,1,1,"0,75","0,55",1,"0,7","0,9",1,1,1,1,1,1,1,1,1,1
"Beans, lentils, peas","Stew, braise, + soaking water, Cooking liquid",1,1,1,1,1,1,1,1,1,1,1,1,1,1,1,1,1,1,1,"0,8",1,"0,8",1,"0,6",1,1,1,"0,8","0,6",1,"0,75","0,95",1,1,1,1,1,1,1,1,1,1
Fruit,"Boiled, - Cooking liquid","0,95",1,1,1,1,1,"0,8","0,8","0,8","0,6","0,6","0,95","0,8","0,8","0,9",1,1,1,"0,75","0,65","0,8","0,7","0,9","0,4",1,1,1,"0,8","0,5",1,"0,8",1,1,1,1,1,1,1,1,1,1,1
Fruit,"Boiled, + Cooking liquid",1,1,1,1,1,1,1,1,1,1,1,1,1,1,1,1,1,1,"0,75","0,8",1,"0,9",1,"0,7",1,1,1,"0,9","0,7",1,"0,9",1,1,1,1,1,1,1,1,1,1,1
Fruit,"Stewed, + Cooking liquid",1,1,1,1,1,1,1,1,1,1,1,1,1,1,1,1,1,1,"0,75","0,8",1,"0,9",1,"0,7",1,1,1,"0,9","0,7",1,"0,9",1,1,1,1,1,1,1,1,1,1,1
Fruit,"Jelly, jam, + Cooking liquid",1,1,1,1,1,1,1,1,1,1,1,1,1,1,1,1,1,1,"0,9","0,9",1,1,1,"0,8",1,1,1,1,"0,8",1,1,1,1,1,1,1,1,1,1,1,1,1
Fruit,"Bake, + Cooking liquid",1,1,1,1,1,1,1,1,1,1,1,1,1,1,1,1,1,1,"0,9",1,1,1,1,"0,8",1,1,1,1,1,1,1,1,1,1,1,1,1,1,1,1,1,1
Fruit,Frozen,1,1,1,1,1,1,1,1,1,1,"0,9","0,95",1,1,1,"0,9",1,1,"0,95","0,95",1,1,1,"0,7",1,1,1,1,"0,95",1,"0,9",1,1,1,1,1,1,1,1,1,1,1
Fruit,Dried,1,1,1,1,1,1,1,1,1,1,1,1,1,1,1,1,1,1,"0,5","0,7","0,9","0,9",1,"0,2",1,1,1,"0,9","0,5",1,"0,9",1,1,1,1,1,1,1,1,1,1,1
Cereal grains and seeds,"Boiled, - Cooking liquid, whole","0,95","0,9","0,9","0,9","0,9","0,9","0,95","0,95","0,95","0,8","0,8",1,1,"0,95",1,1,"0,95",1,"0,95","0,5","0,75","0,5","0,75","0,7",1,1,1,"0,75","0,7",1,"0,75","0,75",1,1,1,1,1,1,1,1,1,1
Cereal grains and seeds,"Boiled, + Cooking liquid, whole",1,1,1,1,1,1,1,1,1,1,1,1,1,1,1,1,1,1,"0,95","0,75",1,"0,8","0,95","0,7",1,1,1,"0,95","0,8",1,"0,95","0,95",1,1,1,1,1,1,1,1,1,1
Cereal grains and seeds,"Stewed, + Cooking liquid, whole",1,1,1,1,1,1,1,1,1,1,1,1,1,1,1,1,1,1,"0,95","0,75",1,"0,8","0,95","0,7",1,1,1,"0,95","0,8",1,"0,95","0,95",1,1,1,1,1,1,1,1,1,1
Cereal grains and seeds,"Boiled, - Cooking liquid, polished","0,95","0,9","0,9","0,9","0,9","0,9","0,95","0,95","0,95","0,6","0,55",1,1,"0,95","0,95","0,95","0,95",1,"0,9","0,5","0,5","0,5","0,75","0,7",1,1,1,"0,75","0,7",1,"0,75","0,75",1,1,1,1,1,1,1,1,1,1
Cereal grains and seeds,"Boiled, + Cooking liquid, polished",1,1,1,1,1,1,1,1,1,1,1,1,1,1,1,1,1,1,"0,95","0,75",1,"0,8","0,95","0,7",1,1,1,"0,95","0,8",1,"0,95","0,95",1,1,1,1,1,1,1,1,1,1
Cereal grains and seeds,"Stewed, + Cooking liquid, polished",1,1,1,1,1,1,1,1,1,1,1,1,1,1,1,1,1,1,"0,95","0,75",1,"0,8","0,95","0,7",1,1,1,"0,95","0,8",1,"0,95","0,95",1,1,1,1,1,1,1,1,1,1
Cereal flour,"Pasta, whole grain flour, boil, - sauce",1,1,1,1,1,1,"0,95","0,95",1,"0,5","0,6","0,95","0,85","0,95","0,75","0,9",1,1,"0,9","0,65","0,7","0,8",1,"0,7",1,1,1,"0,65","0,7","0,95","0,8","0,8",1,1,1,1,1,1,1,1,1,1
Cereal flour,"Pasta, whole grain flour, boil, + sauce",1,1,1,1,1,1,1,1,1,"0,5","0,65","0,95","0,85","0,95","0,75","0,9",1,1,"0,95","0,5","0,7","0,75",1,"0,7",1,1,1,"0,65","0,7","0,95","0,8","0,8",1,1,1,1,1,1,1,1,1,1
Cereal flour,"Pasta, white flour, boil, - sauce",1,1,1,1,1,1,"0,95","0,95",1,"0,5","0,6","0,95","0,85","0,95","0,75","0,9",1,1,"0,9","0,85",1,"0,9",1,"0,7",1,1,1,"0,9","0,7","0,95","0,9",1,1,1,1,1,1,1,1,1,1,1
Cereal flour,"Pasta, white flour, boil, + sauce",1,1,1,1,1,1,"0,95","0,95",1,"0,5","0,65","0,95","0,85","0,95","0,75","0,9",1,1,"0,95","0,8",1,"0,85",1,"0,7",1,1,1,"0,9","0,7","0,95","0,9",1,1,1,1,1,1,1,1,1,1,1
Cereal flour,"Pan cake, fried",1,1,1,1,1,1,1,1,1,1,1,1,1,1,1,1,1,1,"0,9","0,9",1,1,1,"0,85",1,1,1,1,"0,7","0,95","0,8",1,1,1,1,1,1,1,1,1,1,1
Cereal flour,"Pan cake, deep fry",1,1,1,1,1,1,1,1,1,1,1,1,1,1,1,1,1,1,"0,9","0,9",1,1,1,"0,85",1,1,1,1,"0,7","0,95","0,8",1,1,1,1,1,1,1,1,1,1,1
Cereal flour,"Bread, pizza, cake, baked",1,1,1,1,1,1,1,1,1,1,1,1,1,1,1,1,1,1,"0,9","0,75",1,1,1,"0,7",1,1,1,"0,95","0,5","0,95","0,75",1,1,1,1,1,1,1,1,1,1,1
Coffee,Infusion with boiling water,"0,5","0,3","0,3","0,3","0,3","0,3","0,9","0,9",0,"0,9","0,95","0,2","0,5","0,2","0,05","0,05","0,05","0,05",0,1,"0,2","0,9","0,9","0,9",0,0,0,"0,9","0,8",1,"0,9","0,9","0,5","0,5","0,5","0,5","0,5","0,5","0,5","0,5","0,5","0,5"
Tea,Infusion with boiling water,"0,35","0,3","0,3","0,3","0,3","0,3","0,9","0,9",0,1,"0,7","0,4","0,5","0,2","0,05","0,05","0,05","0,05",0,1,"0,15","0,75","0,9","0,9",0,0,0,"0,9","0,8",1,"0,9","0,9","0,35","0,35","0,35","0,35","0,35","0,35","0,35","0,35","0,35","0,35"
Sweetpotatoes,Baked in skin,1,1,1,1,1,1,1,1,1,1,1,1,1,1,1,1,1,1,"0,9","0,85","0,95","0,95",1,"0,8",1,1,1,"0,95","0,9",1,"0,9","0,9",1,1,1,1,1,1,1,1,1,1
Sweetpotatoes,Boiled in skin,1,1,1,1,1,1,1,1,1,"0,95","0,9","0,95","0,95","0,95","0,95","0,95","0,95","0,9","0,85","0,8","0,95","0,95",1,"0,75",1,1,1,"0,95","0,9",1,"0,7","0,7",1,1,1,1,1,1,1,1,1,1
Sweetpotatoes,Fried,1,1,1,1,1,1,1,1,1,1,1,1,1,1,1,1,1,1,"0,8","0,8","0,95","0,95",1,"0,8",1,1,1,"0,95","0,75",1,"0,9","0,9",1,1,1,1,1,1,1,1,1,1
Sweetpotatoes,"Frozen, baked",1,1,1,1,1,1,1,1,1,1,1,1,1,1,1,1,1,1,"0,9","0,8","0,95","0,95",1,"0,8",1,1,1,"0,95","0,8",1,"0,9","0,9",1,1,1,1,1,1,1,1,1,1
Sweetpotatoes,"Frozen, boiled",1,1,1,1,1,1,1,1,1,"0,95","0,95","0,95","0,95","0,95","0,95","0,95","0,95","0,9","0,85","0,8","0,95","0,95",1,"0,75",1,1,1,"0,95","0,8",1,"0,7","0,7",1,1,1,1,1,1,1,1,1,1
Nuts,"Baked, + Drippings",1,1,1,1,1,1,1,1,1,1,1,1,1,1,1,1,1,1,"0,95","0,85","0,95","0,95",1,"0,8",1,1,1,"0,95","0,8",1,1,1,1,1,1,1,1,1,1,1,1,1
Nuts,Broiled,1,1,1,1,1,1,1,1,1,1,1,1,1,1,1,1,1,1,"0,95","0,85","0,95","0,95",1,"0,8",1,1,1,"0,95","0,8",1,1,1,1,1,1,1,1,1,1,1,1,1
Nuts,Roasted,1,1,1,1,1,1,1,1,1,"0,95",1,1,1,"0,8",1,1,1,1,"0,8","0,85","0,95","0,95",1,"0,8",1,1,1,"0,95","0,8",1,1,1,1,1,1,1,1,1,1,1,1,1
Nuts,"Boiled, + Drippings",1,1,1,1,1,1,1,1,1,1,1,1,1,1,1,1,1,1,"0,95","0,85","0,95","0,95",1,"0,8",1,1,1,"0,95","0,8",1,1,1,1,1,1,1,1,1,1,1,1,1
Tomato,"Boiled, baked","0,9","0,9","0,9","0,9","0,9","0,9","0,9","0,9","0,93",1,1,1,1,1,1,1,1,1,"0,95","0,95","0,95","0,95",1,"0,95",1,1,1,"0,95","0,7","0,9","0,7","0,7","0,9","0,9","0,9","0,9","0,9","0,9","0,9","0,9","0,9","0,9"
Tomato,"Fried, broiled",1,1,1,1,1,1,1,1,1,1,1,1,1,1,1,1,1,1,"0,9","0,95","0,95","0,95",1,"0,95",1,1,1,"0,95","0,7","0,9","0,9","0,9",1,1,1,1,1,1,1,1,1,1
Tomato,"Steamed, - Drippings","0,95","0,95","0,95","0,95","0,95","0,95","0,95","0,95","0,94","0,85","0,85","0,95","0,9","0,95","0,8",1,"0,9","0,95","0,9","0,8","0,9","0,85","0,7","0,75",1,1,"0,9","0,8","0,6",1,"0,85","0,85","0,95","0,95","0,95","0,95","0,95","0,95","0,95","0,95","0,95","0,95"
Tomato,"Steamed, + Drippings",1,1,1,1,1,1,1,1,1,1,1,1,1,1,1,1,1,1,"0,95","0,8","0,95","0,9","0,8","0,85",1,1,1,"0,95","0,7",1,"0,9","0,9",1,1,1,1,1,1,1,1,1,1
Tomato,"Stew, + Drippings",1,1,1,1,1,1,1,1,1,1,1,1,1,1,1,1,1,1,"0,95","0,8","0,95","0,9","0,8","0,85",1,1,1,"0,95","0,7",1,"0,9","0,9",1,1,1,1,1,1,1,1,1,1
Alcoholic beverage,"Simmered, 15 min",1,1,1,1,1,1,1,1,1,1,1,1,1,1,1,1,1,1,1,1,1,1,1,1,1,1,1,1,1,1,1,1,1,1,1,1,1,1,1,1,1,1
Alcoholic beverage,"Simmered, 30 min",1,1,1,1,1,1,1,1,1,1,1,1,1,1,1,1,1,1,1,1,1,1,1,1,1,1,1,1,1,1,1,1,1,1,1,1,1,1,1,1,1,1
Alcoholic beverage,"Simmered, 60 min",1,1,1,1,1,1,1,1,1,1,1,1,1,1,1,1,1,1,1,1,1,1,1,1,1,1,1,1,1,1,1,1,1,1,1,1,1,1,1,1,1,1
Alcoholic beverage,"Simmered, 90 min",1,1,1,1,1,1,1,1,1,1,1,1,1,1,1,1,1,1,1,1,1,1,1,1,1,1,1,1,1,1,1,1,1,1,1,1,1,1,1,1,1,1
Alcoholic beverage,"Simmered, 120 min",1,1,1,1,1,1,1,1,1,1,1,1,1,1,1,1,1,1,1,1,1,1,1,1,1,1,1,1,1,1,1,1,1,1,1,1,1,1,1,1,1,1
Alcoholic beverage,"Simmered, 150 min",1,1,1,1,1,1,1,1,1,1,1,1,1,1,1,1,1,1,1,1,1,1,1,1,1,1,1,1,1,1,1,1,1,1,1,1,1,1,1,1,1,1
Alcoholic beverage,"Baked, 25 min",1,1,1,1,1,1,1,1,1,1,1,1,1,1,1,1,1,1,1,1,1,1,1,1,1,1,1,1,1,1,1,1,1,1,1,1,1,1,1,1,1,1
Alcoholic beverage,Stirred into hot liquid,1,1,1,1,1,1,1,1,1,1,1,1,1,1,1,1,1,1,1,1,1,1,1,1,1,1,1,1,1,1,1,1,1,1,1,1,1,1,1,1,1,1